,ts_code,industry
0,000001.SZ,银行
1,000002.SZ,全国地产
2,000004.SZ,生物制药
3,000005.SZ,环境保护
4,000006.SZ,区域地产
5,000007.SZ,酒店餐饮
6,000008.SZ,运输设备
7,000009.SZ,综合类
8,000010.SZ,建筑工程
9,000011.SZ,区域地产
10,000012.SZ,玻璃
11,000014.SZ,全国地产
12,000016.SZ,家用电器
13,000017.SZ,文教休闲
14,000019.SZ,其他商业
15,000020.SZ,元器件
16,000021.SZ,IT设备
17,000023.SZ,其他建材
18,000025.SZ,汽车服务
19,000026.SZ,其他商业
20,000027.SZ,火力发电
21,000028.SZ,医药商业
22,000029.SZ,区域地产
23,000030.SZ,汽车配件
24,000031.SZ,全国地产
25,000032.SZ,元器件
26,000034.SZ,综合类
27,000035.SZ,环境保护
28,000036.SZ,全国地产
29,000037.SZ,火力发电
30,000038.SZ,广告包装
31,000039.SZ,轻工机械
32,000040.SZ,新型电力
33,000042.SZ,全国地产
34,000045.SZ,元器件
35,000046.SZ,多元金融
36,000048.SZ,饲料
37,000049.SZ,电气设备
38,000050.SZ,元器件
39,000055.SZ,其他建材
40,000056.SZ,房产服务
41,000058.SZ,元器件
42,000059.SZ,石油加工
43,000060.SZ,铅锌
44,000061.SZ,农业综合
45,000062.SZ,批发业
46,000063.SZ,通信设备
47,000065.SZ,建筑工程
48,000066.SZ,IT设备
49,000068.SZ,环境保护
50,000069.SZ,旅游景点
51,000070.SZ,通信设备
52,000078.SZ,医药商业
53,000088.SZ,港口
54,000089.SZ,机场
55,000090.SZ,建筑工程
56,000096.SZ,石油贸易
57,000099.SZ,空运
58,000100.SZ,元器件
59,000150.SZ,医疗保健
60,000151.SZ,商贸代理
61,000153.SZ,化学制药
62,000155.SZ,新型电力
63,000156.SZ,影视音像
64,000157.SZ,工程机械
65,000158.SZ,软件服务
66,000159.SZ,石油贸易
67,000166.SZ,证券
68,000301.SZ,化纤
69,000333.SZ,家用电器
70,000338.SZ,汽车配件
71,000400.SZ,电气设备
72,000401.SZ,水泥
73,000402.SZ,全国地产
74,000403.SZ,生物制药
75,000404.SZ,专用机械
76,000407.SZ,供气供热
77,000408.SZ,农药化肥
78,000409.SZ,综合类
79,000410.SZ,机床制造
80,000411.SZ,医药商业
81,000413.SZ,元器件
82,000415.SZ,多元金融
83,000416.SZ,多元金融
84,000417.SZ,百货
85,000419.SZ,百货
86,000420.SZ,化纤
87,000421.SZ,供气供热
88,000422.SZ,农药化肥
89,000423.SZ,中成药
90,000425.SZ,工程机械
91,000426.SZ,铅锌
92,000428.SZ,酒店餐饮
93,000429.SZ,路桥
94,000430.SZ,旅游景点
95,000488.SZ,造纸
96,000498.SZ,建筑工程
97,000501.SZ,百货
98,000502.SZ,综合类
99,000503.SZ,医疗保健
100,000504.SZ,环境保护
101,000505.SZ,食品
102,000506.SZ,黄金
103,000507.SZ,港口
104,000509.SZ,医疗保健
105,000510.SZ,化工原料
106,000513.SZ,化学制药
107,000514.SZ,区域地产
108,000516.SZ,医疗保健
109,000517.SZ,区域地产
110,000518.SZ,生物制药
111,000519.SZ,矿物制品
112,000520.SZ,水运
113,000521.SZ,家用电器
114,000523.SZ,日用化工
115,000524.SZ,酒店餐饮
116,000525.SZ,农药化肥
117,000526.SZ,文教休闲
118,000528.SZ,工程机械
119,000529.SZ,食品
120,000530.SZ,机械基件
121,000531.SZ,火力发电
122,000532.SZ,多元金融
123,000533.SZ,电气设备
124,000534.SZ,生物制药
125,000536.SZ,元器件
126,000537.SZ,区域地产
127,000538.SZ,中成药
128,000539.SZ,火力发电
129,000540.SZ,多元金融
130,000541.SZ,家用电器
131,000543.SZ,火力发电
132,000544.SZ,环境保护
133,000545.SZ,化工原料
134,000546.SZ,水泥
135,000547.SZ,通信设备
136,000548.SZ,路桥
137,000550.SZ,汽车整车
138,000551.SZ,专用机械
139,000552.SZ,煤炭开采
140,000553.SZ,农药化肥
141,000554.SZ,石油贸易
142,000555.SZ,软件服务
143,000557.SZ,铁路
144,000558.SZ,文教休闲
145,000559.SZ,汽车配件
146,000560.SZ,房产服务
147,000561.SZ,通信设备
148,000563.SZ,多元金融
149,000564.SZ,百货
150,000565.SZ,染料涂料
151,000566.SZ,化学制药
152,000567.SZ,多元金融
153,000568.SZ,白酒
154,000570.SZ,机械基件
155,000571.SZ,综合类
156,000572.SZ,汽车整车
157,000573.SZ,区域地产
158,000576.SZ,综合类
159,000581.SZ,汽车配件
160,000582.SZ,港口
161,000584.SZ,专用机械
162,000585.SZ,电气设备
163,000586.SZ,通信设备
164,000587.SZ,批发业
165,000589.SZ,汽车配件
166,000590.SZ,中成药
167,000591.SZ,新型电力
168,000592.SZ,林业
169,000593.SZ,供气供热
170,000595.SZ,机械基件
171,000596.SZ,白酒
172,000597.SZ,化学制药
173,000598.SZ,水务
174,000599.SZ,汽车配件
175,000600.SZ,火力发电
176,000601.SZ,水力发电
177,000603.SZ,铅锌
178,000605.SZ,水务
179,000606.SZ,互联网
180,000607.SZ,广告包装
181,000608.SZ,区域地产
182,000609.SZ,区域地产
183,000610.SZ,旅游服务
184,000611.SZ,纺织
185,000612.SZ,铝
186,000613.SZ,旅游服务
187,000615.SZ,全国地产
188,000616.SZ,全国地产
189,000617.SZ,多元金融
190,000619.SZ,其他建材
191,000620.SZ,全国地产
192,000622.SZ,汽车配件
193,000623.SZ,化学制药
194,000625.SZ,汽车整车
195,000626.SZ,商贸代理
196,000627.SZ,保险
197,000628.SZ,园区开发
198,000629.SZ,小金属
199,000630.SZ,铜
200,000631.SZ,区域地产
201,000632.SZ,综合类
202,000633.SZ,综合类
203,000635.SZ,化工原料
204,000636.SZ,元器件
205,000637.SZ,石油加工
206,000638.SZ,软件服务
207,000639.SZ,食品
208,000650.SZ,中成药
209,000651.SZ,家用电器
210,000652.SZ,批发业
211,000655.SZ,普钢
212,000656.SZ,区域地产
213,000657.SZ,小金属
214,000659.SZ,广告包装
215,000661.SZ,生物制药
216,000662.SZ,软件服务
217,000663.SZ,林业
218,000665.SZ,影视音像
219,000666.SZ,多元金融
220,000667.SZ,全国地产
221,000668.SZ,区域地产
222,000669.SZ,供气供热
223,000670.SZ,元器件
224,000671.SZ,区域地产
225,000672.SZ,水泥
226,000673.SZ,影视音像
227,000676.SZ,互联网
228,000677.SZ,化纤
229,000678.SZ,机械基件
230,000679.SZ,百货
231,000680.SZ,工程机械
232,000681.SZ,互联网
233,000682.SZ,软件服务
234,000683.SZ,化工原料
235,000685.SZ,水务
236,000686.SZ,证券
237,000687.SZ,通信设备
238,000688.SZ,铅锌
239,000690.SZ,火力发电
240,000691.SZ,区域地产
241,000692.SZ,供气供热
242,000695.SZ,广告包装
243,000697.SZ,航空
244,000698.SZ,化工原料
245,000700.SZ,汽车配件
246,000701.SZ,综合类
247,000702.SZ,饲料
248,000703.SZ,化纤
249,000705.SZ,医药商业
250,000707.SZ,化工原料
251,000708.SZ,特种钢
252,000709.SZ,普钢
253,000710.SZ,医疗保健
254,000711.SZ,软件服务
255,000712.SZ,证券
256,000713.SZ,种植业
257,000715.SZ,百货
258,000716.SZ,食品
259,000717.SZ,普钢
260,000718.SZ,区域地产
261,000719.SZ,出版业
262,000720.SZ,区域地产
263,000721.SZ,酒店餐饮
264,000722.SZ,水力发电
265,000723.SZ,焦炭加工
266,000725.SZ,元器件
267,000726.SZ,纺织
268,000727.SZ,元器件
269,000728.SZ,证券
270,000729.SZ,啤酒
271,000731.SZ,农药化肥
272,000732.SZ,区域地产
273,000733.SZ,元器件
274,000735.SZ,农业综合
275,000736.SZ,全国地产
276,000737.SZ,日用化工
277,000738.SZ,航空
278,000739.SZ,化学制药
279,000750.SZ,证券
280,000751.SZ,铅锌
281,000752.SZ,啤酒
282,000753.SZ,汽车服务
283,000755.SZ,公路
284,000756.SZ,化学制药
285,000757.SZ,汽车配件
286,000758.SZ,铅锌
287,000759.SZ,超市连锁
288,000760.SZ,汽车配件
289,000761.SZ,普钢
290,000762.SZ,小金属
291,000766.SZ,化学制药
292,000767.SZ,火力发电
293,000768.SZ,航空
294,000776.SZ,证券
295,000777.SZ,机械基件
296,000778.SZ,钢加工
297,000779.SZ,建筑工程
298,000780.SZ,煤炭开采
299,000782.SZ,化纤
300,000783.SZ,证券
301,000785.SZ,百货
302,000786.SZ,其他建材
303,000788.SZ,化学制药
304,000789.SZ,水泥
305,000790.SZ,中成药
306,000791.SZ,水力发电
307,000792.SZ,化工原料
308,000793.SZ,出版业
309,000795.SZ,矿物制品
310,000796.SZ,旅游服务
311,000797.SZ,全国地产
312,000798.SZ,渔业
313,000799.SZ,白酒
314,000800.SZ,汽车整车
315,000801.SZ,通信设备
316,000802.SZ,影视音像
317,000803.SZ,电气设备
318,000806.SZ,生物制药
319,000807.SZ,铝
320,000809.SZ,区域地产
321,000810.SZ,家用电器
322,000811.SZ,工程机械
323,000812.SZ,广告包装
324,000813.SZ,化学制药
325,000815.SZ,造纸
326,000816.SZ,农用机械
327,000818.SZ,化工原料
328,000819.SZ,石油加工
329,000820.SZ,环境保护
330,000821.SZ,轻工机械
331,000822.SZ,化工原料
332,000823.SZ,元器件
333,000825.SZ,特种钢
334,000826.SZ,环境保护
335,000828.SZ,路桥
336,000829.SZ,其他商业
337,000830.SZ,农药化肥
338,000831.SZ,小金属
339,000833.SZ,造纸
340,000835.SZ,影视音像
341,000836.SZ,通信设备
342,000837.SZ,机床制造
343,000838.SZ,区域地产
344,000839.SZ,综合类
345,000848.SZ,软饮料
346,000850.SZ,纺织
347,000851.SZ,软件服务
348,000852.SZ,化工机械
349,000856.SZ,机械基件
350,000858.SZ,白酒
351,000859.SZ,塑料
352,000860.SZ,白酒
353,000861.SZ,房产服务
354,000862.SZ,新型电力
355,000863.SZ,区域地产
356,000868.SZ,汽车整车
357,000869.SZ,红黄酒
358,000875.SZ,火力发电
359,000876.SZ,饲料
360,000877.SZ,水泥
361,000878.SZ,铜
362,000880.SZ,机械基件
363,000881.SZ,综合类
364,000882.SZ,其他商业
365,000883.SZ,火力发电
366,000885.SZ,公路
367,000886.SZ,路桥
368,000887.SZ,橡胶
369,000888.SZ,旅游景点
370,000889.SZ,通信设备
371,000890.SZ,钢加工
372,000892.SZ,影视音像
373,000893.SZ,食品
374,000895.SZ,食品
375,000897.SZ,区域地产
376,000898.SZ,普钢
377,000899.SZ,火力发电
378,000900.SZ,路桥
379,000901.SZ,航空
380,000902.SZ,农药化肥
381,000903.SZ,机械基件
382,000905.SZ,港口
383,000906.SZ,批发业
384,000908.SZ,化学制药
385,000909.SZ,综合类
386,000910.SZ,家居用品
387,000911.SZ,食品
388,000912.SZ,农药化肥
389,000913.SZ,摩托车
390,000915.SZ,化学制药
391,000917.SZ,影视音像
392,000918.SZ,全国地产
393,000919.SZ,化学制药
394,000920.SZ,环境保护
395,000921.SZ,家用电器
396,000922.SZ,电气设备
397,000923.SZ,普钢
398,000925.SZ,专用机械
399,000926.SZ,区域地产
400,000927.SZ,汽车整车
401,000928.SZ,建筑工程
402,000929.SZ,啤酒
403,000930.SZ,农业综合
404,000931.SZ,生物制药
405,000932.SZ,普钢
406,000933.SZ,煤炭开采
407,000935.SZ,水泥
408,000936.SZ,化纤
409,000937.SZ,煤炭开采
410,000938.SZ,软件服务
411,000948.SZ,软件服务
412,000949.SZ,化纤
413,000950.SZ,医药商业
414,000951.SZ,汽车整车
415,000952.SZ,化学制药
416,000953.SZ,农药化肥
417,000955.SZ,纺织
418,000957.SZ,汽车整车
419,000958.SZ,火力发电
420,000959.SZ,普钢
421,000960.SZ,小金属
422,000961.SZ,建筑工程
423,000962.SZ,小金属
424,000963.SZ,化学制药
425,000965.SZ,区域地产
426,000966.SZ,火力发电
427,000967.SZ,环境保护
428,000968.SZ,煤炭开采
429,000969.SZ,钢加工
430,000970.SZ,元器件
431,000971.SZ,互联网
432,000972.SZ,食品
433,000973.SZ,塑料
434,000975.SZ,黄金
435,000976.SZ,运输设备
436,000977.SZ,IT设备
437,000978.SZ,旅游景点
438,000980.SZ,汽车配件
439,000981.SZ,汽车配件
440,000982.SZ,纺织
441,000983.SZ,煤炭开采
442,000985.SZ,化工原料
443,000987.SZ,多元金融
444,000988.SZ,电器仪表
445,000989.SZ,中成药
446,000990.SZ,化工原料
447,000993.SZ,水力发电
448,000996.SZ,汽车服务
449,000997.SZ,软件服务
450,000998.SZ,种植业
451,000999.SZ,中成药
452,001696.SZ,摩托车
453,001872.SZ,港口
454,001896.SZ,火力发电
455,001914.SZ,房产服务
456,001965.SZ,路桥
457,001979.SZ,全国地产
458,002001.SZ,化学制药
459,002002.SZ,化工原料
460,002003.SZ,服饰
461,002004.SZ,化学制药
462,002005.SZ,家用电器
463,002006.SZ,专用机械
464,002007.SZ,生物制药
465,002008.SZ,电器仪表
466,002009.SZ,工程机械
467,002010.SZ,仓储物流
468,002011.SZ,工程机械
469,002012.SZ,造纸
470,002013.SZ,航空
471,002014.SZ,塑料
472,002015.SZ,新型电力
473,002016.SZ,区域地产
474,002017.SZ,通信设备
475,002019.SZ,化学制药
476,002020.SZ,化学制药
477,002021.SZ,纺织机械
478,002022.SZ,医疗保健
479,002023.SZ,航空
480,002024.SZ,电器连锁
481,002025.SZ,元器件
482,002026.SZ,机械基件
483,002027.SZ,影视音像
484,002028.SZ,电气设备
485,002029.SZ,服饰
486,002030.SZ,生物制药
487,002031.SZ,汽车配件
488,002032.SZ,家用电器
489,002033.SZ,旅游景点
490,002034.SZ,环境保护
491,002035.SZ,家用电器
492,002036.SZ,元器件
493,002037.SZ,化工原料
494,002038.SZ,生物制药
495,002039.SZ,水力发电
496,002040.SZ,港口
497,002041.SZ,种植业
498,002042.SZ,纺织
499,002043.SZ,其他建材
500,002044.SZ,医疗保健
501,002045.SZ,元器件
502,002046.SZ,机械基件
503,002047.SZ,装修装饰
504,002048.SZ,汽车配件
505,002049.SZ,元器件
506,002050.SZ,机械基件
507,002051.SZ,建筑工程
508,002052.SZ,通信设备
509,002053.SZ,食品
510,002054.SZ,化工原料
511,002055.SZ,元器件
512,002056.SZ,元器件
513,002057.SZ,元器件
514,002058.SZ,电器仪表
515,002059.SZ,旅游景点
516,002060.SZ,建筑工程
517,002061.SZ,建筑工程
518,002062.SZ,建筑工程
519,002063.SZ,软件服务
520,002064.SZ,化纤
521,002065.SZ,软件服务
522,002066.SZ,其他建材
523,002067.SZ,造纸
524,002068.SZ,化工原料
525,002069.SZ,渔业
526,002071.SZ,影视音像
527,002072.SZ,互联网
528,002073.SZ,软件服务
529,002074.SZ,电气设备
530,002075.SZ,特种钢
531,002076.SZ,家用电器
532,002077.SZ,区域地产
533,002078.SZ,造纸
534,002079.SZ,半导体
535,002080.SZ,化纤
536,002081.SZ,装修装饰
537,002082.SZ,铝
538,002083.SZ,纺织
539,002084.SZ,家居用品
540,002085.SZ,汽车配件
541,002086.SZ,渔业
542,002087.SZ,纺织
543,002088.SZ,矿物制品
544,002089.SZ,通信设备
545,002090.SZ,软件服务
546,002091.SZ,商贸代理
547,002092.SZ,化工原料
548,002093.SZ,电信运营
549,002094.SZ,日用化工
550,002095.SZ,互联网
551,002096.SZ,化工原料
552,002097.SZ,工程机械
553,002098.SZ,服饰
554,002099.SZ,化学制药
555,002100.SZ,饲料
556,002101.SZ,汽车配件
557,002102.SZ,化学制药
558,002103.SZ,互联网
559,002104.SZ,元器件
560,002105.SZ,文教休闲
561,002106.SZ,元器件
562,002107.SZ,中成药
563,002108.SZ,塑料
564,002109.SZ,化工原料
565,002110.SZ,普钢
566,002111.SZ,航空
567,002112.SZ,电气设备
568,002113.SZ,互联网
569,002114.SZ,铅锌
570,002115.SZ,互联网
571,002116.SZ,建筑工程
572,002117.SZ,广告包装
573,002118.SZ,中成药
574,002119.SZ,半导体
575,002120.SZ,仓储物流
576,002121.SZ,电器仪表
577,002122.SZ,机械基件
578,002123.SZ,互联网
579,002124.SZ,饲料
580,002125.SZ,化工原料
581,002126.SZ,汽车配件
582,002127.SZ,互联网
583,002128.SZ,煤炭开采
584,002129.SZ,半导体
585,002130.SZ,电气设备
586,002131.SZ,互联网
587,002132.SZ,钢加工
588,002133.SZ,全国地产
589,002134.SZ,元器件
590,002135.SZ,建筑工程
591,002136.SZ,化工原料
592,002137.SZ,通信设备
593,002138.SZ,元器件
594,002139.SZ,元器件
595,002140.SZ,建筑工程
596,002141.SZ,元器件
597,002142.SZ,银行
598,002144.SZ,纺织
599,002145.SZ,化工原料
600,002146.SZ,全国地产
601,002147.SZ,区域地产
602,002148.SZ,互联网
603,002149.SZ,小金属
604,002150.SZ,机械基件
605,002151.SZ,通信设备
606,002152.SZ,IT设备
607,002153.SZ,软件服务
608,002154.SZ,服饰
609,002155.SZ,黄金
610,002156.SZ,半导体
611,002157.SZ,饲料
612,002158.SZ,工程机械
613,002159.SZ,旅游服务
614,002160.SZ,铝
615,002161.SZ,通信设备
616,002162.SZ,医疗保健
617,002163.SZ,装修装饰
618,002164.SZ,电气设备
619,002165.SZ,化工原料
620,002166.SZ,中成药
621,002167.SZ,小金属
622,002168.SZ,互联网
623,002169.SZ,电气设备
624,002170.SZ,农药化肥
625,002171.SZ,铜
626,002172.SZ,化纤
627,002173.SZ,医疗保健
628,002174.SZ,互联网
629,002175.SZ,电器仪表
630,002176.SZ,电气设备
631,002177.SZ,IT设备
632,002178.SZ,建筑工程
633,002179.SZ,元器件
634,002180.SZ,IT设备
635,002181.SZ,出版业
636,002182.SZ,小金属
637,002183.SZ,仓储物流
638,002184.SZ,软件服务
639,002185.SZ,半导体
640,002186.SZ,酒店餐饮
641,002187.SZ,百货
642,002188.SZ,广告包装
643,002189.SZ,元器件
644,002190.SZ,汽车配件
645,002191.SZ,广告包装
646,002192.SZ,专用机械
647,002193.SZ,纺织
648,002194.SZ,通信设备
649,002195.SZ,软件服务
650,002196.SZ,纺织机械
651,002197.SZ,电器仪表
652,002198.SZ,中成药
653,002199.SZ,元器件
654,002200.SZ,环境保护
655,002201.SZ,玻璃
656,002202.SZ,电气设备
657,002203.SZ,铜
658,002204.SZ,专用机械
659,002205.SZ,其他建材
660,002206.SZ,化纤
661,002207.SZ,石油开采
662,002208.SZ,区域地产
663,002209.SZ,轻工机械
664,002210.SZ,仓储物流
665,002211.SZ,橡胶
666,002212.SZ,电气设备
667,002213.SZ,汽车配件
668,002214.SZ,电器仪表
669,002215.SZ,农药化肥
670,002216.SZ,食品
671,002217.SZ,元器件
672,002218.SZ,半导体
673,002219.SZ,中成药
674,002220.SZ,
675,002221.SZ,石油贸易
676,002222.SZ,元器件
677,002223.SZ,医疗保健
678,002224.SZ,橡胶
679,002225.SZ,其他建材
680,002226.SZ,化工原料
681,002227.SZ,电气设备
682,002228.SZ,广告包装
683,002229.SZ,广告包装
684,002230.SZ,软件服务
685,002231.SZ,通信设备
686,002232.SZ,软件服务
687,002233.SZ,水泥
688,002234.SZ,农业综合
689,002235.SZ,互联网
690,002236.SZ,电器仪表
691,002237.SZ,黄金
692,002238.SZ,影视音像
693,002239.SZ,汽车配件
694,002240.SZ,家居用品
695,002241.SZ,元器件
696,002242.SZ,家用电器
697,002243.SZ,塑料
698,002244.SZ,区域地产
699,002245.SZ,仓储物流
700,002246.SZ,化工原料
701,002247.SZ,互联网
702,002248.SZ,机床制造
703,002249.SZ,电气设备
704,002250.SZ,化工原料
705,002251.SZ,超市连锁
706,002252.SZ,生物制药
707,002253.SZ,软件服务
708,002254.SZ,化纤
709,002255.SZ,专用机械
710,002256.SZ,染料涂料
711,002258.SZ,农药化肥
712,002259.SZ,供气供热
713,002261.SZ,互联网
714,002262.SZ,化学制药
715,002263.SZ,塑料
716,002264.SZ,超市连锁
717,002265.SZ,汽车配件
718,002266.SZ,电气设备
719,002267.SZ,供气供热
720,002268.SZ,软件服务
721,002269.SZ,服饰
722,002270.SZ,电气设备
723,002271.SZ,其他建材
724,002272.SZ,机械基件
725,002273.SZ,元器件
726,002274.SZ,农药化肥
727,002275.SZ,中成药
728,002276.SZ,电气设备
729,002277.SZ,百货
730,002278.SZ,化工机械
731,002279.SZ,软件服务
732,002280.SZ,软件服务
733,002281.SZ,通信设备
734,002282.SZ,轻工机械
735,002283.SZ,汽车配件
736,002284.SZ,汽车配件
737,002285.SZ,房产服务
738,002286.SZ,食品
739,002287.SZ,中成药
740,002288.SZ,元器件
741,002289.SZ,元器件
742,002290.SZ,家用电器
743,002291.SZ,服饰
744,002292.SZ,影视音像
745,002293.SZ,纺织
746,002294.SZ,化学制药
747,002295.SZ,铜
748,002296.SZ,通信设备
749,002297.SZ,矿物制品
750,002298.SZ,软件服务
751,002299.SZ,农业综合
752,002300.SZ,电气设备
753,002301.SZ,文教休闲
754,002302.SZ,水泥
755,002303.SZ,造纸
756,002304.SZ,白酒
757,002305.SZ,区域地产
758,002306.SZ,酒店餐饮
759,002307.SZ,建筑工程
760,002308.SZ,IT设备
761,002309.SZ,电气设备
762,002310.SZ,建筑工程
763,002311.SZ,饲料
764,002312.SZ,化工原料
765,002313.SZ,通信设备
766,002314.SZ,区域地产
767,002315.SZ,互联网
768,002316.SZ,软件服务
769,002317.SZ,中成药
770,002318.SZ,特种钢
771,002319.SZ,染料涂料
772,002320.SZ,水运
773,002321.SZ,农业综合
774,002322.SZ,软件服务
775,002323.SZ,建筑工程
776,002324.SZ,塑料
777,002325.SZ,装修装饰
778,002326.SZ,化工原料
779,002327.SZ,纺织
780,002328.SZ,汽车配件
781,002329.SZ,乳制品
782,002330.SZ,食品
783,002331.SZ,软件服务
784,002332.SZ,生物制药
785,002333.SZ,铝
786,002334.SZ,电气设备
787,002335.SZ,电气设备
788,002336.SZ,超市连锁
789,002337.SZ,化工机械
790,002338.SZ,电器仪表
791,002339.SZ,电气设备
792,002340.SZ,小金属
793,002341.SZ,化工原料
794,002342.SZ,机械基件
795,002343.SZ,影视音像
796,002344.SZ,商品城
797,002345.SZ,服饰
798,002346.SZ,电气设备
799,002347.SZ,机械基件
800,002348.SZ,文教休闲
801,002349.SZ,中成药
802,002350.SZ,电气设备
803,002351.SZ,IT设备
804,002352.SZ,仓储物流
805,002353.SZ,化工机械
806,002354.SZ,互联网
807,002355.SZ,汽车配件
808,002356.SZ,其他商业
809,002357.SZ,公路
810,002358.SZ,电气设备
811,002359.SZ,通信设备
812,002360.SZ,化工原料
813,002361.SZ,化工原料
814,002362.SZ,软件服务
815,002363.SZ,汽车配件
816,002364.SZ,电气设备
817,002365.SZ,化学制药
818,002366.SZ,专用机械
819,002367.SZ,运输设备
820,002368.SZ,软件服务
821,002369.SZ,通信设备
822,002370.SZ,化学制药
823,002371.SZ,专用机械
824,002372.SZ,其他建材
825,002373.SZ,软件服务
826,002374.SZ,建筑工程
827,002375.SZ,装修装饰
828,002376.SZ,IT设备
829,002377.SZ,房产服务
830,002378.SZ,小金属
831,002379.SZ,铝
832,002380.SZ,电气设备
833,002381.SZ,橡胶
834,002382.SZ,医疗保健
835,002383.SZ,通信设备
836,002384.SZ,元器件
837,002385.SZ,饲料
838,002386.SZ,化工原料
839,002387.SZ,元器件
840,002388.SZ,元器件
841,002389.SZ,元器件
842,002390.SZ,中成药
843,002391.SZ,农药化肥
844,002392.SZ,其他建材
845,002393.SZ,化学制药
846,002394.SZ,纺织
847,002395.SZ,塑料
848,002396.SZ,通信设备
849,002397.SZ,纺织
850,002398.SZ,其他建材
851,002399.SZ,化学制药
852,002400.SZ,广告包装
853,002401.SZ,软件服务
854,002402.SZ,元器件
855,002403.SZ,家用电器
856,002404.SZ,纺织
857,002405.SZ,软件服务
858,002406.SZ,汽车配件
859,002407.SZ,化工原料
860,002408.SZ,化工原料
861,002409.SZ,化工原料
862,002410.SZ,软件服务
863,002411.SZ,化学制药
864,002412.SZ,中成药
865,002413.SZ,通信设备
866,002414.SZ,电器仪表
867,002415.SZ,电器仪表
868,002416.SZ,电器连锁
869,002417.SZ,软件服务
870,002418.SZ,机械基件
871,002419.SZ,百货
872,002420.SZ,塑料
873,002421.SZ,软件服务
874,002422.SZ,化学制药
875,002423.SZ,多元金融
876,002424.SZ,中成药
877,002425.SZ,互联网
878,002426.SZ,元器件
879,002427.SZ,化纤
880,002428.SZ,小金属
881,002429.SZ,家用电器
882,002430.SZ,化工机械
883,002431.SZ,建筑工程
884,002432.SZ,医疗保健
885,002433.SZ,中成药
886,002434.SZ,汽车配件
887,002435.SZ,化学制药
888,002436.SZ,元器件
889,002437.SZ,化学制药
890,002438.SZ,机械基件
891,002439.SZ,软件服务
892,002440.SZ,染料涂料
893,002441.SZ,批发业
894,002442.SZ,化工原料
895,002443.SZ,钢加工
896,002444.SZ,轻工机械
897,002445.SZ,影视音像
898,002446.SZ,通信设备
899,002447.SZ,互联网
900,002448.SZ,汽车配件
901,002449.SZ,半导体
902,002450.SZ,化工原料
903,002451.SZ,电气设备
904,002452.SZ,电气设备
905,002453.SZ,软件服务
906,002454.SZ,汽车配件
907,002455.SZ,化工原料
908,002456.SZ,元器件
909,002457.SZ,塑料
910,002458.SZ,农业综合
911,002459.SZ,电气设备
912,002460.SZ,小金属
913,002461.SZ,啤酒
914,002462.SZ,医药商业
915,002463.SZ,元器件
916,002464.SZ,互联网
917,002465.SZ,通信设备
918,002466.SZ,小金属
919,002467.SZ,电信运营
920,002468.SZ,仓储物流
921,002469.SZ,建筑工程
922,002470.SZ,农药化肥
923,002471.SZ,电气设备
924,002472.SZ,机械基件
925,002473.SZ,家用电器
926,002474.SZ,软件服务
927,002475.SZ,元器件
928,002476.SZ,化工原料
929,002478.SZ,钢加工
930,002479.SZ,火力发电
931,002480.SZ,机械基件
932,002481.SZ,食品
933,002482.SZ,装修装饰
934,002483.SZ,工程机械
935,002484.SZ,元器件
936,002485.SZ,服饰
937,002486.SZ,服饰
938,002487.SZ,钢加工
939,002488.SZ,汽车配件
940,002489.SZ,家居用品
941,002490.SZ,化工机械
942,002491.SZ,通信设备
943,002492.SZ,仓储物流
944,002493.SZ,化纤
945,002494.SZ,服饰
946,002495.SZ,食品
947,002496.SZ,农药化肥
948,002497.SZ,化工原料
949,002498.SZ,电气设备
950,002499.SZ,环境保护
951,002500.SZ,证券
952,002501.SZ,铝
953,002502.SZ,影视音像
954,002503.SZ,服饰
955,002504.SZ,装修装饰
956,002505.SZ,农业综合
957,002506.SZ,电气设备
958,002507.SZ,食品
959,002508.SZ,家用电器
960,002510.SZ,汽车配件
961,002511.SZ,造纸
962,002512.SZ,元器件
963,002513.SZ,农药化肥
964,002514.SZ,机械基件
965,002515.SZ,食品
966,002516.SZ,纺织
967,002517.SZ,互联网
968,002518.SZ,电气设备
969,002519.SZ,通信设备
970,002520.SZ,机床制造
971,002521.SZ,造纸
972,002522.SZ,塑料
973,002523.SZ,工程机械
974,002524.SZ,医疗保健
975,002526.SZ,工程机械
976,002527.SZ,电器仪表
977,002528.SZ,IT设备
978,002529.SZ,专用机械
979,002530.SZ,软件服务
980,002531.SZ,电气设备
981,002532.SZ,农用机械
982,002533.SZ,电气设备
983,002534.SZ,专用机械
984,002535.SZ,工程机械
985,002536.SZ,汽车配件
986,002537.SZ,汽车整车
987,002538.SZ,农药化肥
988,002539.SZ,农药化肥
989,002540.SZ,铝
990,002541.SZ,钢加工
991,002542.SZ,建筑工程
992,002543.SZ,家用电器
993,002544.SZ,软件服务
994,002545.SZ,农药化肥
995,002546.SZ,电气设备
996,002547.SZ,通信设备
997,002548.SZ,饲料
998,002549.SZ,环境保护
999,002550.SZ,生物制药
1000,002551.SZ,医疗保健
1001,002552.SZ,机械基件
1002,002553.SZ,汽车配件
1003,002554.SZ,石油开采
1004,002555.SZ,互联网
1005,002556.SZ,其他商业
1006,002557.SZ,食品
1007,002558.SZ,互联网
1008,002559.SZ,机床制造
1009,002560.SZ,电气设备
1010,002561.SZ,百货
1011,002562.SZ,化学制药
1012,002563.SZ,服饰
1013,002564.SZ,建筑工程
1014,002565.SZ,造纸
1015,002566.SZ,中成药
1016,002567.SZ,饲料
1017,002568.SZ,红黄酒
1018,002569.SZ,服饰
1019,002570.SZ,乳制品
1020,002571.SZ,玻璃
1021,002572.SZ,家居用品
1022,002573.SZ,环境保护
1023,002574.SZ,服饰
1024,002575.SZ,文教休闲
1025,002576.SZ,电气设备
1026,002577.SZ,IT设备
1027,002578.SZ,铝
1028,002579.SZ,元器件
1029,002580.SZ,电气设备
1030,002581.SZ,生物制药
1031,002582.SZ,食品
1032,002583.SZ,通信设备
1033,002584.SZ,化工原料
1034,002585.SZ,塑料
1035,002586.SZ,建筑工程
1036,002587.SZ,元器件
1037,002588.SZ,农药化肥
1038,002589.SZ,医药商业
1039,002590.SZ,汽车配件
1040,002591.SZ,化工原料
1041,002592.SZ,汽车配件
1042,002593.SZ,汽车配件
1043,002594.SZ,汽车整车
1044,002595.SZ,专用机械
1045,002596.SZ,其他建材
1046,002597.SZ,化工原料
1047,002598.SZ,机械基件
1048,002599.SZ,广告包装
1049,002600.SZ,元器件
1050,002601.SZ,化工原料
1051,002602.SZ,互联网
1052,002603.SZ,中成药
1053,002605.SZ,文教休闲
1054,002606.SZ,电气设备
1055,002607.SZ,文教休闲
1056,002608.SZ,火力发电
1057,002609.SZ,软件服务
1058,002610.SZ,电气设备
1059,002611.SZ,轻工机械
1060,002612.SZ,服饰
1061,002613.SZ,专用机械
1062,002614.SZ,医疗保健
1063,002615.SZ,家居用品
1064,002616.SZ,环境保护
1065,002617.SZ,电气设备
1066,002618.SZ,元器件
1067,002619.SZ,互联网
1068,002620.SZ,装修装饰
1069,002621.SZ,文教休闲
1070,002622.SZ,综合类
1071,002623.SZ,玻璃
1072,002624.SZ,影视音像
1073,002625.SZ,汽车配件
1074,002626.SZ,食品
1075,002627.SZ,公共交通
1076,002628.SZ,建筑工程
1077,002629.SZ,石油开采
1078,002630.SZ,专用机械
1079,002631.SZ,家居用品
1080,002632.SZ,化工原料
1081,002633.SZ,机械基件
1082,002634.SZ,服饰
1083,002635.SZ,IT设备
1084,002636.SZ,元器件
1085,002637.SZ,日用化工
1086,002638.SZ,文教休闲
1087,002639.SZ,专用机械
1088,002640.SZ,互联网
1089,002641.SZ,塑料
1090,002642.SZ,软件服务
1091,002643.SZ,化工原料
1092,002644.SZ,中成药
1093,002645.SZ,专用机械
1094,002646.SZ,白酒
1095,002647.SZ,多元金融
1096,002648.SZ,化工原料
1097,002649.SZ,软件服务
1098,002650.SZ,食品
1099,002651.SZ,专用机械
1100,002652.SZ,其他建材
1101,002653.SZ,化学制药
1102,002654.SZ,互联网
1103,002655.SZ,元器件
1104,002656.SZ,服饰
1105,002657.SZ,软件服务
1106,002658.SZ,环境保护
1107,002659.SZ,文教休闲
1108,002660.SZ,电气设备
1109,002661.SZ,食品
1110,002662.SZ,汽车配件
1111,002663.SZ,建筑工程
1112,002664.SZ,汽车配件
1113,002665.SZ,电气设备
1114,002666.SZ,化工原料
1115,002667.SZ,工程机械
1116,002668.SZ,家用电器
1117,002669.SZ,化工原料
1118,002670.SZ,证券
1119,002671.SZ,其他建材
1120,002672.SZ,环境保护
1121,002673.SZ,证券
1122,002674.SZ,纺织
1123,002675.SZ,化学制药
1124,002676.SZ,塑料
1125,002677.SZ,家用电器
1126,002678.SZ,文教休闲
1127,002679.SZ,林业
1128,002681.SZ,家用电器
1129,002682.SZ,公路
1130,002683.SZ,化工原料
1131,002684.SZ,电气设备
1132,002685.SZ,工程机械
1133,002686.SZ,专用机械
1134,002687.SZ,服饰
1135,002688.SZ,化学制药
1136,002689.SZ,运输设备
1137,002690.SZ,专用机械
1138,002691.SZ,专用机械
1139,002692.SZ,电气设备
1140,002693.SZ,化学制药
1141,002694.SZ,塑料
1142,002695.SZ,食品
1143,002696.SZ,渔业
1144,002697.SZ,超市连锁
1145,002698.SZ,化工机械
1146,002699.SZ,服饰
1147,002700.SZ,供气供热
1148,002701.SZ,广告包装
1149,002702.SZ,食品
1150,002703.SZ,汽车配件
1151,002705.SZ,家用电器
1152,002706.SZ,电气设备
1153,002707.SZ,旅游服务
1154,002708.SZ,汽车配件
1155,002709.SZ,化工原料
1156,002711.SZ,仓储物流
1157,002712.SZ,广告包装
1158,002713.SZ,装修装饰
1159,002714.SZ,农业综合
1160,002715.SZ,汽车配件
1161,002716.SZ,小金属
1162,002717.SZ,环境保护
1163,002718.SZ,家居用品
1164,002719.SZ,乳制品
1165,002721.SZ,服饰
1166,002722.SZ,纺织机械
1167,002723.SZ,家用电器
1168,002724.SZ,半导体
1169,002725.SZ,汽车配件
1170,002726.SZ,食品
1171,002727.SZ,医药商业
1172,002728.SZ,中成药
1173,002729.SZ,元器件
1174,002730.SZ,电气设备
1175,002731.SZ,服饰
1176,002732.SZ,乳制品
1177,002733.SZ,电气设备
1178,002734.SZ,农药化肥
1179,002735.SZ,塑料
1180,002736.SZ,证券
1181,002737.SZ,中成药
1182,002738.SZ,小金属
1183,002739.SZ,影视音像
1184,002740.SZ,服饰
1185,002741.SZ,化工原料
1186,002742.SZ,其他建材
1187,002743.SZ,钢加工
1188,002745.SZ,半导体
1189,002746.SZ,农业综合
1190,002747.SZ,机械基件
1191,002748.SZ,化工原料
1192,002749.SZ,农药化肥
1193,002750.SZ,中成药
1194,002751.SZ,家居用品
1195,002752.SZ,广告包装
1196,002753.SZ,化工原料
1197,002755.SZ,化学制药
1198,002756.SZ,特种钢
1199,002757.SZ,专用机械
1200,002758.SZ,医药商业
1201,002759.SZ,家用电器
1202,002760.SZ,机械基件
1203,002761.SZ,建筑工程
1204,002762.SZ,服饰
1205,002763.SZ,服饰
1206,002765.SZ,汽车配件
1207,002766.SZ,汽车配件
1208,002767.SZ,电器仪表
1209,002768.SZ,塑料
1210,002769.SZ,仓储物流
1211,002770.SZ,乳制品
1212,002771.SZ,软件服务
1213,002772.SZ,种植业
1214,002773.SZ,化学制药
1215,002774.SZ,运输设备
1216,002775.SZ,建筑工程
1217,002776.SZ,服饰
1218,002777.SZ,软件服务
1219,002778.SZ,石油加工
1220,002779.SZ,农用机械
1221,002780.SZ,其他商业
1222,002781.SZ,装修装饰
1223,002782.SZ,电气设备
1224,002783.SZ,化工原料
1225,002785.SZ,其他建材
1226,002786.SZ,专用机械
1227,002787.SZ,广告包装
1228,002788.SZ,医药商业
1229,002789.SZ,装修装饰
1230,002790.SZ,家居用品
1231,002791.SZ,其他建材
1232,002792.SZ,通信设备
1233,002793.SZ,化学制药
1234,002795.SZ,机械基件
1235,002796.SZ,专用机械
1236,002797.SZ,证券
1237,002798.SZ,家居用品
1238,002799.SZ,广告包装
1239,002800.SZ,仓储物流
1240,002801.SZ,电气设备
1241,002802.SZ,化工原料
1242,002803.SZ,互联网
1243,002805.SZ,化工原料
1244,002806.SZ,元器件
1245,002807.SZ,银行
1246,002808.SZ,元器件
1247,002809.SZ,化工原料
1248,002810.SZ,化工原料
1249,002811.SZ,装修装饰
1250,002812.SZ,广告包装
1251,002813.SZ,汽车配件
1252,002815.SZ,元器件
1253,002816.SZ,专用机械
1254,002817.SZ,化学制药
1255,002818.SZ,其他商业
1256,002819.SZ,电器仪表
1257,002820.SZ,食品
1258,002821.SZ,生物制药
1259,002822.SZ,装修装饰
1260,002823.SZ,机械基件
1261,002824.SZ,铝
1262,002825.SZ,化工原料
1263,002826.SZ,中成药
1264,002827.SZ,化工原料
1265,002828.SZ,石油开采
1266,002829.SZ,通信设备
1267,002830.SZ,装修装饰
1268,002831.SZ,广告包装
1269,002832.SZ,服饰
1270,002833.SZ,专用机械
1271,002835.SZ,元器件
1272,002836.SZ,广告包装
1273,002837.SZ,专用机械
1274,002838.SZ,塑料
1275,002839.SZ,银行
1276,002840.SZ,食品
1277,002841.SZ,元器件
1278,002842.SZ,小金属
1279,002843.SZ,钢加工
1280,002845.SZ,元器件
1281,002846.SZ,广告包装
1282,002847.SZ,食品
1283,002848.SZ,通信设备
1284,002849.SZ,电器仪表
1285,002850.SZ,机械基件
1286,002851.SZ,电气设备
1287,002852.SZ,食品
1288,002853.SZ,家居用品
1289,002855.SZ,塑料
1290,002856.SZ,装修装饰
1291,002857.SZ,电器仪表
1292,002858.SZ,文教休闲
1293,002859.SZ,元器件
1294,002860.SZ,电气设备
1295,002861.SZ,通信设备
1296,002862.SZ,文教休闲
1297,002863.SZ,汽车配件
1298,002864.SZ,中成药
1299,002865.SZ,汽车配件
1300,002866.SZ,IT设备
1301,002867.SZ,服饰
1302,002868.SZ,农业综合
1303,002869.SZ,通信设备
1304,002870.SZ,电器仪表
1305,002871.SZ,机械基件
1306,002872.SZ,化学制药
1307,002873.SZ,中成药
1308,002875.SZ,服饰
1309,002876.SZ,元器件
1310,002877.SZ,电器仪表
1311,002878.SZ,文教休闲
1312,002879.SZ,电气设备
1313,002880.SZ,生物制药
1314,002881.SZ,通信设备
1315,002882.SZ,电气设备
1316,002883.SZ,建筑工程
1317,002884.SZ,专用机械
1318,002885.SZ,元器件
1319,002886.SZ,塑料
1320,002887.SZ,环境保护
1321,002888.SZ,元器件
1322,002889.SZ,仓储物流
1323,002890.SZ,农用机械
1324,002891.SZ,饲料
1325,002892.SZ,电气设备
1326,002893.SZ,供气供热
1327,002895.SZ,化工原料
1328,002896.SZ,机械基件
1329,002897.SZ,元器件
1330,002898.SZ,化学制药
1331,002899.SZ,文教休闲
1332,002900.SZ,化学制药
1333,002901.SZ,医疗保健
1334,002902.SZ,元器件
1335,002903.SZ,机床制造
1336,002905.SZ,影视音像
1337,002906.SZ,汽车配件
1338,002907.SZ,化学制药
1339,002908.SZ,元器件
1340,002909.SZ,化工原料
1341,002910.SZ,乳制品
1342,002911.SZ,供气供热
1343,002912.SZ,软件服务
1344,002913.SZ,元器件
1345,002915.SZ,化工原料
1346,002916.SZ,元器件
1347,002917.SZ,化工原料
1348,002918.SZ,其他建材
1349,002919.SZ,日用化工
1350,002920.SZ,汽车配件
1351,002921.SZ,汽车配件
1352,002922.SZ,电气设备
1353,002923.SZ,化学制药
1354,002925.SZ,元器件
1355,002926.SZ,证券
1356,002927.SZ,电气设备
1357,002928.SZ,空运
1358,002929.SZ,通信设备
1359,002930.SZ,仓储物流
1360,002931.SZ,汽车配件
1361,002932.SZ,医疗保健
1362,002933.SZ,航空
1363,002935.SZ,元器件
1364,002936.SZ,银行
1365,002937.SZ,元器件
1366,002938.SZ,元器件
1367,002939.SZ,证券
1368,002940.SZ,化学制药
1369,002941.SZ,建筑工程
1370,002942.SZ,农药化肥
1371,002943.SZ,机床制造
1372,002945.SZ,证券
1373,002946.SZ,乳制品
1374,002947.SZ,元器件
1375,002948.SZ,银行
1376,002949.SZ,建筑工程
1377,002950.SZ,医疗保健
1378,002951.SZ,广告包装
1379,002952.SZ,元器件
1380,002953.SZ,电气设备
1381,002955.SZ,IT设备
1382,002956.SZ,食品
1383,002957.SZ,专用机械
1384,002958.SZ,银行
1385,002959.SZ,家用电器
1386,002960.SZ,专用机械
1387,002961.SZ,多元金融
1388,002962.SZ,元器件
1389,002963.SZ,装修装饰
1390,002965.SZ,汽车配件
1391,002966.SZ,银行
1392,002967.SZ,综合类
1393,002968.SZ,房产服务
1394,002969.SZ,广告包装
1395,002970.SZ,通信设备
1396,002971.SZ,化工原料
1397,002972.SZ,运输设备
1398,002973.SZ,环境保护
1399,002975.SZ,专用机械
1400,002976.SZ,钢加工
1401,002977.SZ,通信设备
1402,002978.SZ,小金属
1403,002979.SZ,专用机械
1404,002980.SZ,电器仪表
1405,002981.SZ,元器件
1406,002982.SZ,农业综合
1407,002983.SZ,元器件
1408,002985.SZ,航空
1409,002986.SZ,化工原料
1410,002987.SZ,软件服务
1411,002988.SZ,铝
1412,002989.SZ,装修装饰
1413,002990.SZ,软件服务
1414,003816.SZ,新型电力
1415,300001.SZ,电气设备
1416,300002.SZ,软件服务
1417,300003.SZ,医疗保健
1418,300004.SZ,电气设备
1419,300005.SZ,服饰
1420,300006.SZ,化学制药
1421,300007.SZ,电器仪表
1422,300008.SZ,船舶
1423,300009.SZ,生物制药
1424,300010.SZ,软件服务
1425,300011.SZ,运输设备
1426,300012.SZ,电器仪表
1427,300013.SZ,仓储物流
1428,300014.SZ,电气设备
1429,300015.SZ,医疗保健
1430,300016.SZ,中成药
1431,300017.SZ,电信运营
1432,300018.SZ,电气设备
1433,300019.SZ,化工原料
1434,300020.SZ,软件服务
1435,300021.SZ,农业综合
1436,300022.SZ,农用机械
1437,300023.SZ,专用机械
1438,300024.SZ,专用机械
1439,300025.SZ,通信设备
1440,300026.SZ,中成药
1441,300027.SZ,影视音像
1442,300029.SZ,专用机械
1443,300030.SZ,医疗保健
1444,300031.SZ,互联网
1445,300032.SZ,元器件
1446,300033.SZ,软件服务
1447,300034.SZ,小金属
1448,300035.SZ,电气设备
1449,300036.SZ,软件服务
1450,300037.SZ,化工原料
1451,300038.SZ,互联网
1452,300039.SZ,中成药
1453,300040.SZ,电气设备
1454,300041.SZ,化工原料
1455,300042.SZ,IT设备
1456,300043.SZ,文教休闲
1457,300044.SZ,软件服务
1458,300045.SZ,IT设备
1459,300046.SZ,半导体
1460,300047.SZ,软件服务
1461,300048.SZ,电气设备
1462,300049.SZ,医疗保健
1463,300050.SZ,软件服务
1464,300051.SZ,互联网
1465,300052.SZ,互联网
1466,300053.SZ,半导体
1467,300054.SZ,化工原料
1468,300055.SZ,环境保护
1469,300056.SZ,环境保护
1470,300057.SZ,广告包装
1471,300058.SZ,广告包装
1472,300059.SZ,证券
1473,300061.SZ,互联网
1474,300062.SZ,电气设备
1475,300063.SZ,互联网
1476,300064.SZ,矿物制品
1477,300065.SZ,软件服务
1478,300066.SZ,电器仪表
1479,300067.SZ,染料涂料
1480,300068.SZ,电气设备
1481,300069.SZ,电气设备
1482,300070.SZ,环境保护
1483,300071.SZ,广告包装
1484,300072.SZ,环境保护
1485,300073.SZ,矿物制品
1486,300074.SZ,通信设备
1487,300075.SZ,软件服务
1488,300076.SZ,IT设备
1489,300077.SZ,半导体
1490,300078.SZ,元器件
1491,300079.SZ,通信设备
1492,300080.SZ,半导体
1493,300081.SZ,文教休闲
1494,300082.SZ,化工原料
1495,300083.SZ,元器件
1496,300084.SZ,石油开采
1497,300085.SZ,软件服务
1498,300086.SZ,化学制药
1499,300087.SZ,种植业
1500,300088.SZ,元器件
1501,300089.SZ,文教休闲
1502,300090.SZ,
1503,300091.SZ,机械基件
1504,300092.SZ,专用机械
1505,300093.SZ,玻璃
1506,300094.SZ,渔业
1507,300095.SZ,机械基件
1508,300096.SZ,软件服务
1509,300097.SZ,电器仪表
1510,300098.SZ,通信设备
1511,300099.SZ,电器仪表
1512,300100.SZ,汽车服务
1513,300101.SZ,通信设备
1514,300102.SZ,半导体
1515,300103.SZ,工程机械
1516,300105.SZ,电器仪表
1517,300106.SZ,农业综合
1518,300107.SZ,化工原料
1519,300108.SZ,中成药
1520,300109.SZ,化工原料
1521,300110.SZ,化学制药
1522,300111.SZ,半导体
1523,300112.SZ,电器仪表
1524,300113.SZ,互联网
1525,300114.SZ,电器仪表
1526,300115.SZ,元器件
1527,300116.SZ,电气设备
1528,300117.SZ,装修装饰
1529,300118.SZ,半导体
1530,300119.SZ,农业综合
1531,300120.SZ,元器件
1532,300121.SZ,化工原料
1533,300122.SZ,生物制药
1534,300123.SZ,半导体
1535,300124.SZ,电器仪表
1536,300125.SZ,电气设备
1537,300126.SZ,轻工机械
1538,300127.SZ,元器件
1539,300128.SZ,元器件
1540,300129.SZ,电气设备
1541,300130.SZ,IT设备
1542,300131.SZ,元器件
1543,300132.SZ,化工原料
1544,300133.SZ,影视音像
1545,300134.SZ,通信设备
1546,300135.SZ,化工原料
1547,300136.SZ,通信设备
1548,300137.SZ,环境保护
1549,300138.SZ,食品
1550,300139.SZ,元器件
1551,300140.SZ,电气设备
1552,300141.SZ,电气设备
1553,300142.SZ,生物制药
1554,300143.SZ,医疗保健
1555,300144.SZ,旅游景点
1556,300145.SZ,专用机械
1557,300146.SZ,医疗保健
1558,300147.SZ,中成药
1559,300148.SZ,出版业
1560,300149.SZ,生物制药
1561,300150.SZ,软件服务
1562,300151.SZ,机械基件
1563,300152.SZ,环境保护
1564,300153.SZ,电气设备
1565,300154.SZ,元器件
1566,300155.SZ,元器件
1567,300156.SZ,
1568,300157.SZ,石油开采
1569,300158.SZ,化学制药
1570,300159.SZ,航空
1571,300160.SZ,玻璃
1572,300161.SZ,机床制造
1573,300162.SZ,元器件
1574,300163.SZ,其他建材
1575,300164.SZ,石油开采
1576,300165.SZ,电器仪表
1577,300166.SZ,软件服务
1578,300167.SZ,通信设备
1579,300168.SZ,软件服务
1580,300169.SZ,塑料
1581,300170.SZ,软件服务
1582,300171.SZ,医疗保健
1583,300172.SZ,环境保护
1584,300173.SZ,轻工机械
1585,300174.SZ,化工原料
1586,300175.SZ,食品
1587,300176.SZ,汽车配件
1588,300177.SZ,通信设备
1589,300178.SZ,旅游服务
1590,300179.SZ,矿物制品
1591,300180.SZ,化纤
1592,300181.SZ,中成药
1593,300182.SZ,软件服务
1594,300183.SZ,通信设备
1595,300184.SZ,元器件
1596,300185.SZ,工程机械
1597,300187.SZ,环境保护
1598,300188.SZ,软件服务
1599,300189.SZ,种植业
1600,300190.SZ,环境保护
1601,300191.SZ,石油开采
1602,300192.SZ,文教休闲
1603,300193.SZ,专用机械
1604,300194.SZ,化学制药
1605,300195.SZ,轻工机械
1606,300196.SZ,玻璃
1607,300197.SZ,环境保护
1608,300198.SZ,塑料
1609,300199.SZ,化学制药
1610,300200.SZ,化工原料
1611,300201.SZ,专用机械
1612,300202.SZ,IT设备
1613,300203.SZ,环境保护
1614,300204.SZ,生物制药
1615,300205.SZ,元器件
1616,300206.SZ,医疗保健
1617,300207.SZ,元器件
1618,300208.SZ,电气设备
1619,300209.SZ,软件服务
1620,300210.SZ,专用机械
1621,300211.SZ,通信设备
1622,300212.SZ,软件服务
1623,300213.SZ,通信设备
1624,300214.SZ,化工原料
1625,300215.SZ,电气设备
1626,300217.SZ,电器仪表
1627,300218.SZ,塑料
1628,300219.SZ,元器件
1629,300220.SZ,元器件
1630,300221.SZ,塑料
1631,300222.SZ,电气设备
1632,300223.SZ,半导体
1633,300224.SZ,元器件
1634,300225.SZ,染料涂料
1635,300226.SZ,互联网
1636,300227.SZ,元器件
1637,300228.SZ,化工机械
1638,300229.SZ,软件服务
1639,300230.SZ,塑料
1640,300231.SZ,软件服务
1641,300232.SZ,半导体
1642,300233.SZ,化学制药
1643,300234.SZ,陶瓷
1644,300235.SZ,软件服务
1645,300236.SZ,半导体
1646,300237.SZ,建筑工程
1647,300238.SZ,医疗保健
1648,300239.SZ,生物制药
1649,300240.SZ,仓储物流
1650,300241.SZ,半导体
1651,300242.SZ,互联网
1652,300243.SZ,化工原料
1653,300244.SZ,医疗保健
1654,300245.SZ,软件服务
1655,300246.SZ,医疗保健
1656,300247.SZ,医疗保健
1657,300248.SZ,软件服务
1658,300249.SZ,软件服务
1659,300250.SZ,软件服务
1660,300251.SZ,影视音像
1661,300252.SZ,通信设备
1662,300253.SZ,软件服务
1663,300254.SZ,化学制药
1664,300255.SZ,生物制药
1665,300256.SZ,元器件
1666,300257.SZ,机械基件
1667,300258.SZ,汽车配件
1668,300259.SZ,电器仪表
1669,300260.SZ,机械基件
1670,300261.SZ,农药化肥
1671,300262.SZ,环境保护
1672,300263.SZ,专用机械
1673,300264.SZ,通信设备
1674,300265.SZ,电气设备
1675,300266.SZ,环境保护
1676,300267.SZ,化学制药
1677,300268.SZ,农业综合
1678,300269.SZ,半导体
1679,300270.SZ,通信设备
1680,300271.SZ,软件服务
1681,300272.SZ,环境保护
1682,300273.SZ,医疗保健
1683,300274.SZ,电气设备
1684,300275.SZ,软件服务
1685,300276.SZ,专用机械
1686,300277.SZ,软件服务
1687,300278.SZ,专用机械
1688,300279.SZ,元器件
1689,300280.SZ,专用机械
1690,300281.SZ,专用机械
1691,300282.SZ,文教休闲
1692,300283.SZ,电气设备
1693,300284.SZ,建筑工程
1694,300285.SZ,陶瓷
1695,300286.SZ,电器仪表
1696,300287.SZ,软件服务
1697,300288.SZ,软件服务
1698,300289.SZ,生物制药
1699,300290.SZ,软件服务
1700,300291.SZ,影视音像
1701,300292.SZ,软件服务
1702,300293.SZ,专用机械
1703,300294.SZ,生物制药
1704,300295.SZ,互联网
1705,300296.SZ,半导体
1706,300297.SZ,软件服务
1707,300298.SZ,医疗保健
1708,300299.SZ,互联网
1709,300300.SZ,软件服务
1710,300301.SZ,半导体
1711,300302.SZ,软件服务
1712,300303.SZ,半导体
1713,300304.SZ,汽车配件
1714,300305.SZ,塑料
1715,300306.SZ,电器仪表
1716,300307.SZ,纺织机械
1717,300308.SZ,通信设备
1718,300309.SZ,多元金融
1719,300310.SZ,通信设备
1720,300311.SZ,软件服务
1721,300312.SZ,通信设备
1722,300313.SZ,农业综合
1723,300314.SZ,医疗保健
1724,300315.SZ,互联网
1725,300316.SZ,专用机械
1726,300317.SZ,半导体
1727,300318.SZ,医疗保健
1728,300319.SZ,元器件
1729,300320.SZ,橡胶
1730,300321.SZ,塑料
1731,300322.SZ,通信设备
1732,300323.SZ,半导体
1733,300324.SZ,软件服务
1734,300325.SZ,塑料
1735,300326.SZ,医疗保健
1736,300327.SZ,半导体
1737,300328.SZ,铝
1738,300329.SZ,文教休闲
1739,300330.SZ,软件服务
1740,300331.SZ,元器件
1741,300332.SZ,环境保护
1742,300333.SZ,元器件
1743,300334.SZ,专用机械
1744,300335.SZ,供气供热
1745,300336.SZ,影视音像
1746,300337.SZ,铝
1747,300338.SZ,文教休闲
1748,300339.SZ,软件服务
1749,300340.SZ,元器件
1750,300341.SZ,电气设备
1751,300342.SZ,元器件
1752,300343.SZ,互联网
1753,300344.SZ,软件服务
1754,300345.SZ,钢加工
1755,300346.SZ,元器件
1756,300347.SZ,医疗保健
1757,300348.SZ,软件服务
1758,300349.SZ,软件服务
1759,300350.SZ,仓储物流
1760,300351.SZ,元器件
1761,300352.SZ,软件服务
1762,300353.SZ,通信设备
1763,300354.SZ,电器仪表
1764,300355.SZ,环境保护
1765,300356.SZ,电气设备
1766,300357.SZ,生物制药
1767,300358.SZ,医疗保健
1768,300359.SZ,文教休闲
1769,300360.SZ,电器仪表
1770,300362.SZ,环境保护
1771,300363.SZ,化学制药
1772,300364.SZ,出版业
1773,300365.SZ,软件服务
1774,300366.SZ,软件服务
1775,300367.SZ,IT设备
1776,300368.SZ,IT设备
1777,300369.SZ,软件服务
1778,300370.SZ,电器仪表
1779,300371.SZ,电器仪表
1780,300373.SZ,半导体
1781,300374.SZ,其他建材
1782,300375.SZ,汽车配件
1783,300376.SZ,电气设备
1784,300377.SZ,软件服务
1785,300378.SZ,软件服务
1786,300379.SZ,软件服务
1787,300380.SZ,软件服务
1788,300381.SZ,生物制药
1789,300382.SZ,专用机械
1790,300383.SZ,电信运营
1791,300384.SZ,纺织机械
1792,300385.SZ,环境保护
1793,300386.SZ,软件服务
1794,300387.SZ,化工原料
1795,300388.SZ,环境保护
1796,300389.SZ,半导体
1797,300390.SZ,元器件
1798,300391.SZ,机械基件
1799,300392.SZ,互联网
1800,300393.SZ,塑料
1801,300394.SZ,通信设备
1802,300395.SZ,玻璃
1803,300396.SZ,医疗保健
1804,300397.SZ,通信设备
1805,300398.SZ,染料涂料
1806,300399.SZ,互联网
1807,300400.SZ,专用机械
1808,300401.SZ,食品
1809,300402.SZ,专用机械
1810,300403.SZ,家用电器
1811,300404.SZ,医疗保健
1812,300405.SZ,化工原料
1813,300406.SZ,医疗保健
1814,300407.SZ,电气设备
1815,300408.SZ,元器件
1816,300409.SZ,陶瓷
1817,300410.SZ,电器仪表
1818,300411.SZ,专用机械
1819,300412.SZ,医疗保健
1820,300413.SZ,影视音像
1821,300414.SZ,通信设备
1822,300415.SZ,专用机械
1823,300416.SZ,电器仪表
1824,300417.SZ,电器仪表
1825,300418.SZ,互联网
1826,300419.SZ,软件服务
1827,300420.SZ,机械基件
1828,300421.SZ,机械基件
1829,300422.SZ,环境保护
1830,300423.SZ,电气设备
1831,300424.SZ,航空
1832,300425.SZ,环境保护
1833,300426.SZ,影视音像
1834,300427.SZ,电气设备
1835,300428.SZ,铝
1836,300429.SZ,化工原料
1837,300430.SZ,电器仪表
1838,300431.SZ,互联网
1839,300432.SZ,汽车配件
1840,300433.SZ,元器件
1841,300434.SZ,化学制药
1842,300435.SZ,机械基件
1843,300436.SZ,化学制药
1844,300437.SZ,化工原料
1845,300438.SZ,电气设备
1846,300439.SZ,医疗保健
1847,300440.SZ,软件服务
1848,300441.SZ,机床制造
1849,300442.SZ,轻工机械
1850,300443.SZ,专用机械
1851,300444.SZ,电气设备
1852,300445.SZ,电器仪表
1853,300446.SZ,化工原料
1854,300447.SZ,电气设备
1855,300448.SZ,软件服务
1856,300449.SZ,IT设备
1857,300450.SZ,专用机械
1858,300451.SZ,软件服务
1859,300452.SZ,化学制药
1860,300453.SZ,医疗保健
1861,300454.SZ,软件服务
1862,300455.SZ,运输设备
1863,300456.SZ,元器件
1864,300457.SZ,专用机械
1865,300458.SZ,元器件
1866,300459.SZ,互联网
1867,300460.SZ,元器件
1868,300461.SZ,专用机械
1869,300462.SZ,专用机械
1870,300463.SZ,医疗保健
1871,300464.SZ,机械基件
1872,300465.SZ,软件服务
1873,300466.SZ,电器仪表
1874,300467.SZ,互联网
1875,300468.SZ,软件服务
1876,300469.SZ,软件服务
1877,300470.SZ,机械基件
1878,300471.SZ,专用机械
1879,300472.SZ,专用机械
1880,300473.SZ,汽车配件
1881,300474.SZ,元器件
1882,300475.SZ,专用机械
1883,300476.SZ,元器件
1884,300477.SZ,电气设备
1885,300478.SZ,橡胶
1886,300479.SZ,软件服务
1887,300480.SZ,专用机械
1888,300481.SZ,化工原料
1889,300482.SZ,医疗保健
1890,300483.SZ,石油开采
1891,300484.SZ,电气设备
1892,300485.SZ,生物制药
1893,300486.SZ,专用机械
1894,300487.SZ,化工原料
1895,300488.SZ,机械基件
1896,300489.SZ,铝
1897,300490.SZ,电气设备
1898,300491.SZ,电气设备
1899,300492.SZ,建筑工程
1900,300493.SZ,通信设备
1901,300494.SZ,互联网
1902,300495.SZ,环境保护
1903,300496.SZ,软件服务
1904,300497.SZ,化学制药
1905,300498.SZ,农业综合
1906,300499.SZ,专用机械
1907,300500.SZ,建筑工程
1908,300501.SZ,广告包装
1909,300502.SZ,通信设备
1910,300503.SZ,机械基件
1911,300504.SZ,通信设备
1912,300505.SZ,化工原料
1913,300506.SZ,建筑工程
1914,300507.SZ,汽车配件
1915,300508.SZ,软件服务
1916,300509.SZ,专用机械
1917,300510.SZ,电气设备
1918,300511.SZ,种植业
1919,300512.SZ,专用机械
1920,300513.SZ,软件服务
1921,300514.SZ,通信设备
1922,300515.SZ,电器仪表
1923,300516.SZ,电器仪表
1924,300517.SZ,建筑工程
1925,300518.SZ,软件服务
1926,300519.SZ,中成药
1927,300520.SZ,软件服务
1928,300521.SZ,专用机械
1929,300522.SZ,染料涂料
1930,300523.SZ,软件服务
1931,300525.SZ,软件服务
1932,300526.SZ,专用机械
1933,300527.SZ,专用机械
1934,300528.SZ,影视音像
1935,300529.SZ,医疗保健
1936,300530.SZ,化工原料
1937,300531.SZ,软件服务
1938,300532.SZ,软件服务
1939,300533.SZ,软件服务
1940,300534.SZ,中成药
1941,300535.SZ,化工原料
1942,300536.SZ,建筑工程
1943,300537.SZ,染料涂料
1944,300538.SZ,批发业
1945,300539.SZ,塑料
1946,300540.SZ,专用机械
1947,300541.SZ,软件服务
1948,300542.SZ,软件服务
1949,300543.SZ,电气设备
1950,300545.SZ,专用机械
1951,300546.SZ,元器件
1952,300547.SZ,橡胶
1953,300548.SZ,元器件
1954,300549.SZ,专用机械
1955,300550.SZ,软件服务
1956,300551.SZ,IT设备
1957,300552.SZ,软件服务
1958,300553.SZ,电器仪表
1959,300554.SZ,矿物制品
1960,300555.SZ,通信设备
1961,300556.SZ,软件服务
1962,300557.SZ,电器仪表
1963,300558.SZ,化学制药
1964,300559.SZ,软件服务
1965,300560.SZ,通信设备
1966,300561.SZ,软件服务
1967,300562.SZ,医疗保健
1968,300563.SZ,通信设备
1969,300564.SZ,建筑工程
1970,300565.SZ,通信设备
1971,300566.SZ,元器件
1972,300567.SZ,电器仪表
1973,300568.SZ,化工原料
1974,300569.SZ,专用机械
1975,300570.SZ,元器件
1976,300571.SZ,互联网
1977,300572.SZ,电器仪表
1978,300573.SZ,化学制药
1979,300575.SZ,农药化肥
1980,300576.SZ,染料涂料
1981,300577.SZ,纺织
1982,300578.SZ,通信设备
1983,300579.SZ,软件服务
1984,300580.SZ,汽车配件
1985,300581.SZ,航空
1986,300582.SZ,半导体
1987,300583.SZ,生物制药
1988,300584.SZ,化学制药
1989,300585.SZ,汽车配件
1990,300586.SZ,化工原料
1991,300587.SZ,橡胶
1992,300588.SZ,软件服务
1993,300589.SZ,船舶
1994,300590.SZ,通信设备
1995,300591.SZ,服饰
1996,300592.SZ,软件服务
1997,300593.SZ,电气设备
1998,300594.SZ,运输设备
1999,300595.SZ,医疗保健
2000,300596.SZ,化工原料
2001,300597.SZ,通信设备
2002,300598.SZ,软件服务
2003,300599.SZ,塑料
2004,300600.SZ,电气设备
2005,300601.SZ,生物制药
2006,300602.SZ,元器件
2007,300603.SZ,通信设备
2008,300604.SZ,专用机械
2009,300605.SZ,软件服务
2010,300606.SZ,矿物制品
2011,300607.SZ,专用机械
2012,300608.SZ,软件服务
2013,300609.SZ,互联网
2014,300610.SZ,化工原料
2015,300611.SZ,机械基件
2016,300612.SZ,广告包装
2017,300613.SZ,半导体
2018,300615.SZ,元器件
2019,300616.SZ,家居用品
2020,300617.SZ,电气设备
2021,300618.SZ,小金属
2022,300619.SZ,专用机械
2023,300620.SZ,元器件
2024,300621.SZ,装修装饰
2025,300622.SZ,其他商业
2026,300623.SZ,半导体
2027,300624.SZ,软件服务
2028,300625.SZ,半导体
2029,300626.SZ,电气设备
2030,300627.SZ,通信设备
2031,300628.SZ,通信设备
2032,300629.SZ,矿物制品
2033,300630.SZ,化学制药
2034,300631.SZ,环境保护
2035,300632.SZ,半导体
2036,300633.SZ,医疗保健
2037,300634.SZ,软件服务
2038,300635.SZ,建筑工程
2039,300636.SZ,化学制药
2040,300637.SZ,化工原料
2041,300638.SZ,通信设备
2042,300639.SZ,医疗保健
2043,300640.SZ,文教休闲
2044,300641.SZ,化工原料
2045,300642.SZ,医疗保健
2046,300643.SZ,汽车配件
2047,300644.SZ,塑料
2048,300645.SZ,软件服务
2049,300647.SZ,元器件
2050,300648.SZ,电器仪表
2051,300649.SZ,建筑工程
2052,300650.SZ,电气设备
2053,300651.SZ,文教休闲
2054,300652.SZ,汽车配件
2055,300653.SZ,医疗保健
2056,300654.SZ,出版业
2057,300655.SZ,化工原料
2058,300656.SZ,IT设备
2059,300657.SZ,元器件
2060,300658.SZ,纺织
2061,300659.SZ,软件服务
2062,300660.SZ,电气设备
2063,300661.SZ,元器件
2064,300662.SZ,综合类
2065,300663.SZ,软件服务
2066,300664.SZ,环境保护
2067,300665.SZ,染料涂料
2068,300666.SZ,元器件
2069,300667.SZ,电器仪表
2070,300668.SZ,装修装饰
2071,300669.SZ,机械基件
2072,300670.SZ,电气设备
2073,300671.SZ,半导体
2074,300672.SZ,半导体
2075,300673.SZ,饲料
2076,300674.SZ,软件服务
2077,300675.SZ,建筑工程
2078,300676.SZ,医疗保健
2079,300677.SZ,医疗保健
2080,300678.SZ,软件服务
2081,300679.SZ,元器件
2082,300680.SZ,汽车配件
2083,300681.SZ,汽车配件
2084,300682.SZ,软件服务
2085,300683.SZ,生物制药
2086,300684.SZ,化工原料
2087,300685.SZ,生物制药
2088,300686.SZ,元器件
2089,300687.SZ,软件服务
2090,300688.SZ,综合类
2091,300689.SZ,元器件
2092,300690.SZ,电气设备
2093,300691.SZ,元器件
2094,300692.SZ,环境保护
2095,300693.SZ,电气设备
2096,300694.SZ,汽车配件
2097,300695.SZ,汽车配件
2098,300696.SZ,航空
2099,300697.SZ,铜
2100,300698.SZ,通信设备
2101,300699.SZ,化工原料
2102,300700.SZ,矿物制品
2103,300701.SZ,元器件
2104,300702.SZ,化学制药
2105,300703.SZ,文教休闲
2106,300705.SZ,化学制药
2107,300706.SZ,元器件
2108,300707.SZ,专用机械
2109,300708.SZ,半导体
2110,300709.SZ,元器件
2111,300710.SZ,通信设备
2112,300711.SZ,通信设备
2113,300712.SZ,建筑工程
2114,300713.SZ,电气设备
2115,300715.SZ,其他建材
2116,300716.SZ,塑料
2117,300717.SZ,塑料
2118,300718.SZ,机械基件
2119,300719.SZ,航空
2120,300720.SZ,电器仪表
2121,300721.SZ,化工原料
2122,300722.SZ,专用机械
2123,300723.SZ,化学制药
2124,300724.SZ,专用机械
2125,300725.SZ,化学制药
2126,300726.SZ,元器件
2127,300727.SZ,化工原料
2128,300729.SZ,家居用品
2129,300730.SZ,软件服务
2130,300731.SZ,橡胶
2131,300732.SZ,建筑工程
2132,300733.SZ,汽车配件
2133,300735.SZ,通信设备
2134,300736.SZ,通信设备
2135,300737.SZ,其他建材
2136,300738.SZ,电信运营
2137,300739.SZ,元器件
2138,300740.SZ,日用化工
2139,300741.SZ,食品
2140,300742.SZ,汽车配件
2141,300743.SZ,IT设备
2142,300745.SZ,汽车配件
2143,300746.SZ,建筑工程
2144,300747.SZ,元器件
2145,300748.SZ,元器件
2146,300749.SZ,家居用品
2147,300750.SZ,电气设备
2148,300751.SZ,专用机械
2149,300752.SZ,元器件
2150,300753.SZ,医疗保健
2151,300755.SZ,其他商业
2152,300756.SZ,专用机械
2153,300757.SZ,专用机械
2154,300758.SZ,染料涂料
2155,300759.SZ,化学制药
2156,300760.SZ,医疗保健
2157,300761.SZ,农业综合
2158,300762.SZ,通信设备
2159,300763.SZ,电气设备
2160,300765.SZ,食品
2161,300766.SZ,互联网
2162,300767.SZ,橡胶
2163,300768.SZ,软件服务
2164,300769.SZ,化工原料
2165,300770.SZ,影视音像
2166,300771.SZ,IT设备
2167,300772.SZ,电气设备
2168,300773.SZ,软件服务
2169,300775.SZ,航空
2170,300776.SZ,专用机械
2171,300777.SZ,化纤
2172,300778.SZ,建筑工程
2173,300779.SZ,环境保护
2174,300780.SZ,机械基件
2175,300781.SZ,广告包装
2176,300782.SZ,元器件
2177,300783.SZ,食品
2178,300785.SZ,互联网
2179,300786.SZ,环境保护
2180,300787.SZ,通信设备
2181,300788.SZ,出版业
2182,300789.SZ,软件服务
2183,300790.SZ,电器仪表
2184,300791.SZ,医疗保健
2185,300792.SZ,互联网
2186,300793.SZ,IT设备
2187,300795.SZ,综合类
2188,300796.SZ,化工原料
2189,300797.SZ,电器仪表
2190,300798.SZ,染料涂料
2191,300799.SZ,软件服务
2192,300800.SZ,电器仪表
2193,300801.SZ,化工原料
2194,300802.SZ,IT设备
2195,300803.SZ,软件服务
2196,300805.SZ,广告包装
2197,300806.SZ,塑料
2198,300807.SZ,软件服务
2199,300808.SZ,家用电器
2200,300809.SZ,机床制造
2201,300810.SZ,软件服务
2202,300811.SZ,元器件
2203,300812.SZ,专用机械
2204,300813.SZ,医疗保健
2205,300815.SZ,环境保护
2206,300816.SZ,环境保护
2207,300817.SZ,机械基件
2208,300818.SZ,专用机械
2209,300819.SZ,化纤
2210,300820.SZ,电气设备
2211,300821.SZ,化工原料
2212,300822.SZ,元器件
2213,300823.SZ,专用机械
2214,300824.SZ,家用电器
2215,300825.SZ,汽车服务
2216,300826.SZ,建筑工程
2217,300827.SZ,电气设备
2218,300828.SZ,铝
2219,300829.SZ,食品
2220,300830.SZ,软件服务
2221,300831.SZ,元器件
2222,300832.SZ,医疗保健
2223,300833.SZ,专用机械
2224,300835.SZ,元器件
2225,300836.SZ,专用机械
2226,300837.SZ,专用机械
2227,300838.SZ,电器仪表
2228,300839.SZ,石油加工
2229,300840.SZ,服饰
2230,300841.SZ,生物制药
2231,300842.SZ,半导体
2232,300843.SZ,元器件
2233,300845.SZ,软件服务
2234,300846.SZ,软件服务
2235,300847.SZ,化工原料
2236,300848.SZ,化工原料
2237,300849.SZ,塑料
2238,300850.SZ,机械基件
2239,300851.SZ,软件服务
2240,300852.SZ,元器件
2241,600000.SH,银行
2242,600004.SH,机场
2243,600006.SH,汽车整车
2244,600007.SH,园区开发
2245,600008.SH,环境保护
2246,600009.SH,机场
2247,600010.SH,普钢
2248,600011.SH,火力发电
2249,600012.SH,路桥
2250,600015.SH,银行
2251,600016.SH,银行
2252,600017.SH,港口
2253,600018.SH,港口
2254,600019.SH,普钢
2255,600020.SH,路桥
2256,600021.SH,火力发电
2257,600022.SH,普钢
2258,600023.SH,火力发电
2259,600025.SH,水力发电
2260,600026.SH,水运
2261,600027.SH,火力发电
2262,600028.SH,石油加工
2263,600029.SH,空运
2264,600030.SH,证券
2265,600031.SH,工程机械
2266,600033.SH,路桥
2267,600035.SH,路桥
2268,600036.SH,银行
2269,600037.SH,影视音像
2270,600038.SH,航空
2271,600039.SH,建筑工程
2272,600048.SH,全国地产
2273,600050.SH,电信运营
2274,600051.SH,综合类
2275,600052.SH,影视音像
2276,600053.SH,多元金融
2277,600054.SH,旅游景点
2278,600055.SH,医疗保健
2279,600056.SH,医药商业
2280,600057.SH,仓储物流
2281,600058.SH,商贸代理
2282,600059.SH,红黄酒
2283,600060.SH,家用电器
2284,600061.SH,证券
2285,600062.SH,化学制药
2286,600063.SH,化纤
2287,600064.SH,园区开发
2288,600066.SH,汽车整车
2289,600067.SH,全国地产
2290,600068.SH,建筑工程
2291,600069.SH,
2292,600070.SH,互联网
2293,600071.SH,元器件
2294,600072.SH,船舶
2295,600073.SH,食品
2296,600075.SH,化工原料
2297,600076.SH,其他建材
2298,600077.SH,全国地产
2299,600078.SH,化工原料
2300,600079.SH,化学制药
2301,600080.SH,中成药
2302,600081.SH,汽车配件
2303,600082.SH,园区开发
2304,600083.SH,综合类
2305,600084.SH,红黄酒
2306,600085.SH,中成药
2307,600086.SH,服饰
2308,600088.SH,影视音像
2309,600089.SH,电气设备
2310,600090.SH,医药商业
2311,600091.SH,化工原料
2312,600093.SH,仓储物流
2313,600094.SH,区域地产
2314,600095.SH,证券
2315,600096.SH,农药化肥
2316,600097.SH,渔业
2317,600098.SH,火力发电
2318,600099.SH,摩托车
2319,600100.SH,IT设备
2320,600101.SH,水力发电
2321,600103.SH,造纸
2322,600104.SH,汽车整车
2323,600105.SH,通信设备
2324,600106.SH,路桥
2325,600107.SH,服饰
2326,600108.SH,农业综合
2327,600109.SH,证券
2328,600110.SH,电气设备
2329,600111.SH,小金属
2330,600112.SH,电气设备
2331,600113.SH,区域地产
2332,600114.SH,机械基件
2333,600115.SH,空运
2334,600116.SH,水力发电
2335,600117.SH,特种钢
2336,600118.SH,航空
2337,600119.SH,仓储物流
2338,600120.SH,多元金融
2339,600121.SH,煤炭开采
2340,600122.SH,其他商业
2341,600123.SH,煤炭开采
2342,600125.SH,铁路
2343,600126.SH,普钢
2344,600127.SH,农业综合
2345,600128.SH,商贸代理
2346,600129.SH,中成药
2347,600130.SH,通信设备
2348,600131.SH,通信设备
2349,600132.SH,啤酒
2350,600133.SH,园区开发
2351,600135.SH,化工原料
2352,600136.SH,影视音像
2353,600137.SH,服饰
2354,600138.SH,旅游服务
2355,600139.SH,综合类
2356,600141.SH,化工原料
2357,600143.SH,塑料
2358,600145.SH,陶瓷
2359,600146.SH,服饰
2360,600148.SH,汽车配件
2361,600149.SH,综合类
2362,600150.SH,船舶
2363,600151.SH,汽车配件
2364,600152.SH,电气设备
2365,600153.SH,商贸代理
2366,600155.SH,证券
2367,600156.SH,纺织
2368,600157.SH,火力发电
2369,600158.SH,文教休闲
2370,600159.SH,区域地产
2371,600160.SH,化工原料
2372,600161.SH,生物制药
2373,600162.SH,全国地产
2374,600163.SH,新型电力
2375,600165.SH,钢加工
2376,600166.SH,汽车整车
2377,600167.SH,供气供热
2378,600168.SH,水务
2379,600169.SH,工程机械
2380,600170.SH,建筑工程
2381,600171.SH,半导体
2382,600172.SH,矿物制品
2383,600173.SH,全国地产
2384,600175.SH,
2385,600176.SH,玻璃
2386,600177.SH,服饰
2387,600178.SH,汽车配件
2388,600179.SH,仓储物流
2389,600180.SH,仓储物流
2390,600182.SH,汽车配件
2391,600183.SH,元器件
2392,600184.SH,专用机械
2393,600185.SH,区域地产
2394,600186.SH,食品
2395,600187.SH,水务
2396,600188.SH,煤炭开采
2397,600189.SH,软饮料
2398,600190.SH,港口
2399,600191.SH,食品
2400,600192.SH,电气设备
2401,600193.SH,装修装饰
2402,600195.SH,饲料
2403,600196.SH,化学制药
2404,600197.SH,白酒
2405,600198.SH,通信设备
2406,600199.SH,白酒
2407,600200.SH,化学制药
2408,600201.SH,农业综合
2409,600202.SH,电气设备
2410,600203.SH,元器件
2411,600206.SH,半导体
2412,600207.SH,供气供热
2413,600208.SH,全国地产
2414,600209.SH,综合类
2415,600210.SH,广告包装
2416,600211.SH,中成药
2417,600212.SH,综合类
2418,600213.SH,汽车整车
2419,600215.SH,园区开发
2420,600216.SH,化学制药
2421,600217.SH,环境保护
2422,600218.SH,农用机械
2423,600219.SH,铝
2424,600220.SH,纺织
2425,600221.SH,空运
2426,600222.SH,中成药
2427,600223.SH,区域地产
2428,600225.SH,区域地产
2429,600226.SH,互联网
2430,600227.SH,化学制药
2431,600228.SH,化工原料
2432,600229.SH,出版业
2433,600230.SH,农药化肥
2434,600231.SH,普钢
2435,600232.SH,纺织
2436,600233.SH,仓储物流
2437,600234.SH,综合类
2438,600235.SH,造纸
2439,600236.SH,水力发电
2440,600237.SH,元器件
2441,600238.SH,红黄酒
2442,600239.SH,区域地产
2443,600241.SH,商贸代理
2444,600242.SH,软件服务
2445,600243.SH,机床制造
2446,600246.SH,区域地产
2447,600247.SH,商贸代理
2448,600248.SH,建筑工程
2449,600249.SH,日用化工
2450,600250.SH,商贸代理
2451,600251.SH,农业综合
2452,600252.SH,中成药
2453,600255.SH,铜
2454,600256.SH,石油开采
2455,600257.SH,渔业
2456,600258.SH,酒店餐饮
2457,600259.SH,小金属
2458,600260.SH,通信设备
2459,600261.SH,家用电器
2460,600262.SH,汽车整车
2461,600265.SH,林业
2462,600266.SH,区域地产
2463,600267.SH,化学制药
2464,600268.SH,电气设备
2465,600269.SH,路桥
2466,600271.SH,IT设备
2467,600272.SH,医药商业
2468,600273.SH,化工原料
2469,600275.SH,农业综合
2470,600276.SH,化学制药
2471,600277.SH,化工原料
2472,600278.SH,商贸代理
2473,600279.SH,港口
2474,600280.SH,百货
2475,600281.SH,综合类
2476,600282.SH,普钢
2477,600283.SH,水务
2478,600284.SH,建筑工程
2479,600285.SH,中成药
2480,600287.SH,商贸代理
2481,600288.SH,软件服务
2482,600289.SH,软件服务
2483,600290.SH,电气设备
2484,600291.SH,保险
2485,600292.SH,环境保护
2486,600293.SH,互联网
2487,600295.SH,小金属
2488,600297.SH,汽车服务
2489,600298.SH,食品
2490,600299.SH,化学制药
2491,600300.SH,软饮料
2492,600301.SH,商贸代理
2493,600302.SH,纺织机械
2494,600303.SH,汽车整车
2495,600305.SH,食品
2496,600306.SH,百货
2497,600307.SH,普钢
2498,600308.SH,造纸
2499,600309.SH,化工原料
2500,600310.SH,水力发电
2501,600311.SH,黄金
2502,600312.SH,电气设备
2503,600313.SH,种植业
2504,600315.SH,日用化工
2505,600316.SH,航空
2506,600317.SH,港口
2507,600318.SH,多元金融
2508,600319.SH,化工原料
2509,600320.SH,工程机械
2510,600321.SH,其他建材
2511,600322.SH,区域地产
2512,600323.SH,水务
2513,600325.SH,区域地产
2514,600326.SH,水泥
2515,600327.SH,汽车服务
2516,600328.SH,化工原料
2517,600329.SH,中成药
2518,600330.SH,元器件
2519,600331.SH,铅锌
2520,600332.SH,中成药
2521,600333.SH,供气供热
2522,600335.SH,汽车配件
2523,600336.SH,家用电器
2524,600337.SH,家居用品
2525,600338.SH,铅锌
2526,600339.SH,石油加工
2527,600340.SH,区域地产
2528,600343.SH,航空
2529,600345.SH,通信设备
2530,600346.SH,化纤
2531,600348.SH,煤炭开采
2532,600350.SH,路桥
2533,600351.SH,中成药
2534,600352.SH,染料涂料
2535,600353.SH,元器件
2536,600354.SH,种植业
2537,600355.SH,元器件
2538,600356.SH,造纸
2539,600358.SH,旅游服务
2540,600359.SH,农业综合
2541,600360.SH,半导体
2542,600361.SH,超市连锁
2543,600362.SH,铜
2544,600363.SH,元器件
2545,600365.SH,红黄酒
2546,600366.SH,电器仪表
2547,600367.SH,化工原料
2548,600368.SH,路桥
2549,600369.SH,证券
2550,600370.SH,纺织
2551,600371.SH,种植业
2552,600372.SH,航空
2553,600373.SH,出版业
2554,600375.SH,汽车整车
2555,600376.SH,区域地产
2556,600377.SH,路桥
2557,600378.SH,化工原料
2558,600379.SH,电气设备
2559,600380.SH,化学制药
2560,600381.SH,医疗保健
2561,600382.SH,商贸代理
2562,600383.SH,全国地产
2563,600385.SH,黄金
2564,600386.SH,汽车服务
2565,600387.SH,石油贸易
2566,600388.SH,环境保护
2567,600389.SH,农药化肥
2568,600390.SH,多元金融
2569,600391.SH,航空
2570,600392.SH,小金属
2571,600393.SH,全国地产
2572,600395.SH,煤炭开采
2573,600396.SH,火力发电
2574,600397.SH,煤炭开采
2575,600398.SH,服饰
2576,600399.SH,特种钢
2577,600400.SH,服饰
2578,600403.SH,煤炭开采
2579,600405.SH,电气设备
2580,600406.SH,电气设备
2581,600408.SH,焦炭加工
2582,600409.SH,化工原料
2583,600410.SH,软件服务
2584,600415.SH,商品城
2585,600416.SH,电气设备
2586,600418.SH,汽车整车
2587,600419.SH,乳制品
2588,600420.SH,化学制药
2589,600421.SH,综合类
2590,600422.SH,中成药
2591,600423.SH,农药化肥
2592,600425.SH,水泥
2593,600426.SH,农药化肥
2594,600428.SH,水运
2595,600429.SH,乳制品
2596,600433.SH,造纸
2597,600435.SH,专用机械
2598,600436.SH,中成药
2599,600438.SH,饲料
2600,600439.SH,服饰
2601,600444.SH,专用机械
2602,600446.SH,软件服务
2603,600448.SH,纺织
2604,600449.SH,水泥
2605,600452.SH,水力发电
2606,600455.SH,文教休闲
2607,600456.SH,小金属
2608,600458.SH,塑料
2609,600459.SH,小金属
2610,600460.SH,半导体
2611,600461.SH,水务
2612,600462.SH,互联网
2613,600463.SH,园区开发
2614,600466.SH,区域地产
2615,600467.SH,渔业
2616,600468.SH,电气设备
2617,600469.SH,汽车配件
2618,600470.SH,农药化肥
2619,600475.SH,专用机械
2620,600476.SH,软件服务
2621,600477.SH,钢加工
2622,600478.SH,元器件
2623,600479.SH,中成药
2624,600480.SH,汽车配件
2625,600481.SH,环境保护
2626,600482.SH,电气设备
2627,600483.SH,火力发电
2628,600486.SH,农药化肥
2629,600487.SH,通信设备
2630,600488.SH,化学制药
2631,600489.SH,黄金
2632,600490.SH,铜
2633,600491.SH,建筑工程
2634,600493.SH,纺织
2635,600495.SH,运输设备
2636,600496.SH,钢加工
2637,600497.SH,铅锌
2638,600498.SH,通信设备
2639,600499.SH,专用机械
2640,600500.SH,商贸代理
2641,600501.SH,汽车配件
2642,600502.SH,建筑工程
2643,600503.SH,区域地产
2644,600505.SH,水力发电
2645,600506.SH,种植业
2646,600507.SH,特种钢
2647,600508.SH,煤炭开采
2648,600509.SH,火力发电
2649,600510.SH,全国地产
2650,600511.SH,医药商业
2651,600512.SH,建筑工程
2652,600513.SH,化学制药
2653,600515.SH,全国地产
2654,600516.SH,矿物制品
2655,600517.SH,电气设备
2656,600518.SH,中成药
2657,600519.SH,白酒
2658,600520.SH,机械基件
2659,600521.SH,化学制药
2660,600522.SH,通信设备
2661,600523.SH,汽车配件
2662,600525.SH,电气设备
2663,600526.SH,环境保护
2664,600527.SH,化纤
2665,600528.SH,运输设备
2666,600529.SH,医疗保健
2667,600530.SH,医疗保健
2668,600531.SH,铅锌
2669,600532.SH,普钢
2670,600533.SH,区域地产
2671,600535.SH,中成药
2672,600536.SH,软件服务
2673,600537.SH,半导体
2674,600538.SH,医药商业
2675,600539.SH,水泥
2676,600540.SH,种植业
2677,600543.SH,红黄酒
2678,600545.SH,纺织机械
2679,600546.SH,煤炭开采
2680,600547.SH,黄金
2681,600548.SH,路桥
2682,600549.SH,小金属
2683,600550.SH,电气设备
2684,600551.SH,出版业
2685,600552.SH,玻璃
2686,600555.SH,旅游服务
2687,600556.SH,互联网
2688,600557.SH,中成药
2689,600558.SH,钢加工
2690,600559.SH,白酒
2691,600560.SH,电气设备
2692,600561.SH,公共交通
2693,600562.SH,通信设备
2694,600563.SH,元器件
2695,600565.SH,全国地产
2696,600566.SH,中成药
2697,600567.SH,造纸
2698,600568.SH,区域地产
2699,600569.SH,普钢
2700,600570.SH,软件服务
2701,600571.SH,软件服务
2702,600572.SH,中成药
2703,600573.SH,啤酒
2704,600575.SH,水运
2705,600576.SH,影视音像
2706,600577.SH,电气设备
2707,600578.SH,火力发电
2708,600579.SH,化工机械
2709,600580.SH,电气设备
2710,600581.SH,普钢
2711,600582.SH,工程机械
2712,600583.SH,石油开采
2713,600584.SH,半导体
2714,600585.SH,水泥
2715,600586.SH,玻璃
2716,600587.SH,医疗保健
2717,600588.SH,软件服务
2718,600589.SH,塑料
2719,600590.SH,电气设备
2720,600592.SH,机械基件
2721,600593.SH,旅游服务
2722,600594.SH,中成药
2723,600595.SH,铝
2724,600596.SH,化工原料
2725,600597.SH,乳制品
2726,600598.SH,种植业
2727,600599.SH,多元金融
2728,600600.SH,啤酒
2729,600601.SH,IT设备
2730,600602.SH,软件服务
2731,600603.SH,仓储物流
2732,600604.SH,园区开发
2733,600605.SH,房产服务
2734,600606.SH,全国地产
2735,600608.SH,钢加工
2736,600609.SH,汽车配件
2737,600611.SH,公共交通
2738,600612.SH,服饰
2739,600613.SH,中成药
2740,600614.SH,综合类
2741,600615.SH,小金属
2742,600616.SH,红黄酒
2743,600617.SH,供气供热
2744,600618.SH,化工原料
2745,600619.SH,机械基件
2746,600620.SH,综合类
2747,600621.SH,证券
2748,600622.SH,区域地产
2749,600623.SH,汽车配件
2750,600624.SH,化学制药
2751,600626.SH,纺织
2752,600628.SH,百货
2753,600629.SH,建筑工程
2754,600630.SH,纺织
2755,600633.SH,互联网
2756,600634.SH,互联网
2757,600635.SH,供气供热
2758,600636.SH,化工原料
2759,600637.SH,影视音像
2760,600638.SH,区域地产
2761,600639.SH,园区开发
2762,600640.SH,影视音像
2763,600641.SH,区域地产
2764,600642.SH,火力发电
2765,600643.SH,多元金融
2766,600644.SH,水力发电
2767,600645.SH,生物制药
2768,600647.SH,综合类
2769,600648.SH,园区开发
2770,600649.SH,区域地产
2771,600650.SH,公共交通
2772,600651.SH,电器仪表
2773,600652.SH,互联网
2774,600653.SH,汽车服务
2775,600654.SH,软件服务
2776,600655.SH,百货
2777,600657.SH,全国地产
2778,600658.SH,园区开发
2779,600660.SH,汽车配件
2780,600661.SH,文教休闲
2781,600662.SH,公共交通
2782,600663.SH,园区开发
2783,600664.SH,化学制药
2784,600665.SH,全国地产
2785,600666.SH,元器件
2786,600667.SH,半导体
2787,600668.SH,水泥
2788,600671.SH,中成药
2789,600673.SH,化学制药
2790,600674.SH,水力发电
2791,600675.SH,区域地产
2792,600676.SH,公共交通
2793,600677.SH,通信设备
2794,600678.SH,水泥
2795,600679.SH,文教休闲
2796,600681.SH,供气供热
2797,600682.SH,百货
2798,600683.SH,区域地产
2799,600684.SH,全国地产
2800,600685.SH,船舶
2801,600686.SH,汽车整车
2802,600687.SH,黄金
2803,600688.SH,石油加工
2804,600689.SH,纺织
2805,600690.SH,家用电器
2806,600691.SH,农药化肥
2807,600692.SH,房产服务
2808,600693.SH,百货
2809,600694.SH,百货
2810,600695.SH,多元金融
2811,600696.SH,区域地产
2812,600697.SH,百货
2813,600698.SH,汽车配件
2814,600699.SH,汽车配件
2815,600701.SH,综合类
2816,600702.SH,白酒
2817,600703.SH,半导体
2818,600704.SH,商贸代理
2819,600705.SH,多元金融
2820,600706.SH,旅游服务
2821,600707.SH,元器件
2822,600708.SH,全国地产
2823,600710.SH,工程机械
2824,600711.SH,小金属
2825,600712.SH,百货
2826,600713.SH,医药商业
2827,600714.SH,化工原料
2828,600715.SH,影视音像
2829,600716.SH,区域地产
2830,600717.SH,港口
2831,600718.SH,软件服务
2832,600719.SH,供气供热
2833,600720.SH,水泥
2834,600721.SH,生物制药
2835,600722.SH,化工原料
2836,600723.SH,百货
2837,600724.SH,水泥
2838,600725.SH,焦炭加工
2839,600726.SH,火力发电
2840,600727.SH,农药化肥
2841,600728.SH,软件服务
2842,600729.SH,百货
2843,600730.SH,综合类
2844,600731.SH,农药化肥
2845,600732.SH,电气设备
2846,600733.SH,汽车整车
2847,600734.SH,IT设备
2848,600735.SH,商贸代理
2849,600736.SH,园区开发
2850,600737.SH,食品
2851,600738.SH,百货
2852,600739.SH,商贸代理
2853,600740.SH,焦炭加工
2854,600741.SH,汽车配件
2855,600742.SH,汽车配件
2856,600743.SH,区域地产
2857,600744.SH,火力发电
2858,600745.SH,通信设备
2859,600746.SH,化工原料
2860,600748.SH,全国地产
2861,600749.SH,旅游景点
2862,600750.SH,中成药
2863,600751.SH,软件服务
2864,600753.SH,商贸代理
2865,600754.SH,酒店餐饮
2866,600755.SH,商贸代理
2867,600756.SH,软件服务
2868,600757.SH,出版业
2869,600758.SH,煤炭开采
2870,600759.SH,石油开采
2871,600760.SH,航空
2872,600761.SH,工程机械
2873,600763.SH,医疗保健
2874,600764.SH,通信设备
2875,600765.SH,机械基件
2876,600766.SH,黄金
2877,600767.SH,医疗保健
2878,600768.SH,铝
2879,600769.SH,建筑工程
2880,600770.SH,综合类
2881,600771.SH,中成药
2882,600773.SH,区域地产
2883,600774.SH,百货
2884,600775.SH,通信设备
2885,600776.SH,通信设备
2886,600777.SH,石油开采
2887,600778.SH,百货
2888,600779.SH,白酒
2889,600780.SH,火力发电
2890,600781.SH,中成药
2891,600782.SH,普钢
2892,600783.SH,多元金融
2893,600784.SH,普钢
2894,600785.SH,百货
2895,600787.SH,仓储物流
2896,600789.SH,化学制药
2897,600790.SH,商品城
2898,600791.SH,全国地产
2899,600792.SH,焦炭加工
2900,600793.SH,造纸
2901,600794.SH,仓储物流
2902,600795.SH,火力发电
2903,600796.SH,农药化肥
2904,600797.SH,软件服务
2905,600798.SH,水运
2906,600800.SH,综合类
2907,600801.SH,水泥
2908,600802.SH,水泥
2909,600803.SH,综合类
2910,600804.SH,电信运营
2911,600805.SH,综合类
2912,600807.SH,区域地产
2913,600808.SH,普钢
2914,600809.SH,白酒
2915,600810.SH,化纤
2916,600811.SH,综合类
2917,600812.SH,化学制药
2918,600814.SH,百货
2919,600815.SH,工程机械
2920,600816.SH,多元金融
2921,600817.SH,多元金融
2922,600818.SH,文教休闲
2923,600819.SH,玻璃
2924,600820.SH,建筑工程
2925,600821.SH,百货
2926,600822.SH,商贸代理
2927,600823.SH,全国地产
2928,600824.SH,百货
2929,600825.SH,出版业
2930,600826.SH,商贸代理
2931,600827.SH,超市连锁
2932,600828.SH,百货
2933,600829.SH,医药商业
2934,600830.SH,多元金融
2935,600831.SH,影视音像
2936,600833.SH,医药商业
2937,600834.SH,公共交通
2938,600835.SH,运输设备
2939,600836.SH,广告包装
2940,600837.SH,证券
2941,600838.SH,百货
2942,600839.SH,家用电器
2943,600841.SH,机械基件
2944,600843.SH,纺织机械
2945,600844.SH,化工原料
2946,600845.SH,软件服务
2947,600846.SH,建筑工程
2948,600847.SH,电气设备
2949,600848.SH,园区开发
2950,600850.SH,软件服务
2951,600851.SH,化学制药
2952,600853.SH,建筑工程
2953,600854.SH,家用电器
2954,600855.SH,专用机械
2955,600856.SH,供气供热
2956,600857.SH,百货
2957,600858.SH,百货
2958,600859.SH,百货
2959,600860.SH,专用机械
2960,600861.SH,百货
2961,600862.SH,航空
2962,600863.SH,火力发电
2963,600864.SH,证券
2964,600865.SH,百货
2965,600866.SH,食品
2966,600867.SH,生物制药
2967,600868.SH,水力发电
2968,600869.SH,电气设备
2969,600870.SH,家用电器
2970,600871.SH,石油开采
2971,600872.SH,食品
2972,600873.SH,食品
2973,600874.SH,环境保护
2974,600875.SH,电气设备
2975,600876.SH,玻璃
2976,600877.SH,电气设备
2977,600879.SH,航空
2978,600880.SH,广告包装
2979,600881.SH,水泥
2980,600882.SH,乳制品
2981,600883.SH,水泥
2982,600884.SH,综合类
2983,600885.SH,电气设备
2984,600886.SH,水力发电
2985,600887.SH,乳制品
2986,600888.SH,铝
2987,600889.SH,化纤
2988,600890.SH,区域地产
2989,600892.SH,影视音像
2990,600893.SH,航空
2991,600894.SH,运输设备
2992,600895.SH,园区开发
2993,600896.SH,医疗保健
2994,600897.SH,机场
2995,600898.SH,通信设备
2996,600900.SH,水力发电
2997,600901.SH,多元金融
2998,600903.SH,供气供热
2999,600908.SH,银行
3000,600909.SH,证券
3001,600917.SH,供气供热
3002,600918.SH,证券
3003,600919.SH,银行
3004,600926.SH,银行
3005,600928.SH,银行
3006,600929.SH,食品
3007,600933.SH,汽车配件
3008,600936.SH,影视音像
3009,600939.SH,建筑工程
3010,600956.SH,新型电力
3011,600958.SH,证券
3012,600959.SH,影视音像
3013,600960.SH,汽车配件
3014,600961.SH,铅锌
3015,600962.SH,软饮料
3016,600963.SH,造纸
3017,600965.SH,农业综合
3018,600966.SH,造纸
3019,600967.SH,运输设备
3020,600968.SH,石油开采
3021,600969.SH,水力发电
3022,600970.SH,建筑工程
3023,600971.SH,煤炭开采
3024,600973.SH,电气设备
3025,600975.SH,农业综合
3026,600976.SH,中成药
3027,600977.SH,影视音像
3028,600978.SH,家居用品
3029,600979.SH,水力发电
3030,600980.SH,元器件
3031,600981.SH,商贸代理
3032,600982.SH,供气供热
3033,600983.SH,家用电器
3034,600984.SH,工程机械
3035,600985.SH,煤炭开采
3036,600986.SH,互联网
3037,600987.SH,纺织
3038,600988.SH,黄金
3039,600989.SH,化工原料
3040,600990.SH,通信设备
3041,600992.SH,钢加工
3042,600993.SH,中成药
3043,600995.SH,水力发电
3044,600996.SH,影视音像
3045,600997.SH,煤炭开采
3046,600998.SH,医药商业
3047,600999.SH,证券
3048,601000.SH,港口
3049,601001.SH,煤炭开采
3050,601002.SH,机械基件
3051,601003.SH,普钢
3052,601005.SH,普钢
3053,601006.SH,铁路
3054,601007.SH,酒店餐饮
3055,601008.SH,港口
3056,601009.SH,银行
3057,601010.SH,超市连锁
3058,601011.SH,焦炭加工
3059,601012.SH,电气设备
3060,601015.SH,焦炭加工
3061,601016.SH,新型电力
3062,601018.SH,港口
3063,601019.SH,出版业
3064,601020.SH,铅锌
3065,601021.SH,空运
3066,601028.SH,钢加工
3067,601038.SH,农用机械
3068,601058.SH,汽车配件
3069,601066.SH,证券
3070,601068.SH,建筑工程
3071,601069.SH,黄金
3072,601077.SH,银行
3073,601086.SH,百货
3074,601088.SH,煤炭开采
3075,601098.SH,出版业
3076,601099.SH,证券
3077,601100.SH,工程机械
3078,601101.SH,煤炭开采
3079,601106.SH,工程机械
3080,601107.SH,路桥
3081,601108.SH,证券
3082,601111.SH,空运
3083,601113.SH,化纤
3084,601116.SH,超市连锁
3085,601117.SH,建筑工程
3086,601118.SH,橡胶
3087,601126.SH,电气设备
3088,601127.SH,汽车配件
3089,601128.SH,银行
3090,601137.SH,铜
3091,601138.SH,通信设备
3092,601139.SH,供气供热
3093,601155.SH,区域地产
3094,601158.SH,水务
3095,601162.SH,证券
3096,601163.SH,汽车配件
3097,601166.SH,银行
3098,601168.SH,铜
3099,601169.SH,银行
3100,601177.SH,机械基件
3101,601179.SH,电气设备
3102,601186.SH,建筑工程
3103,601188.SH,路桥
3104,601198.SH,证券
3105,601199.SH,水务
3106,601200.SH,环境保护
3107,601208.SH,化工原料
3108,601211.SH,证券
3109,601212.SH,铜
3110,601216.SH,化工原料
3111,601218.SH,机械基件
3112,601222.SH,电器仪表
3113,601225.SH,煤炭开采
3114,601226.SH,专用机械
3115,601228.SH,港口
3116,601229.SH,银行
3117,601231.SH,元器件
3118,601233.SH,化纤
3119,601236.SH,证券
3120,601238.SH,汽车整车
3121,601258.SH,汽车服务
3122,601288.SH,银行
3123,601298.SH,港口
3124,601311.SH,电气设备
3125,601318.SH,保险
3126,601319.SH,保险
3127,601326.SH,港口
3128,601328.SH,银行
3129,601330.SH,环境保护
3130,601333.SH,铁路
3131,601336.SH,保险
3132,601339.SH,纺织
3133,601360.SH,互联网
3134,601366.SH,百货
3135,601368.SH,水务
3136,601369.SH,机械基件
3137,601375.SH,证券
3138,601377.SH,证券
3139,601388.SH,铝
3140,601390.SH,建筑工程
3141,601398.SH,银行
3142,601399.SH,工程机械
3143,601500.SH,汽车配件
3144,601512.SH,园区开发
3145,601515.SH,广告包装
3146,601518.SH,路桥
3147,601519.SH,软件服务
3148,601555.SH,证券
3149,601566.SH,服饰
3150,601567.SH,电器仪表
3151,601577.SH,银行
3152,601579.SH,红黄酒
3153,601588.SH,区域地产
3154,601595.SH,影视音像
3155,601598.SH,仓储物流
3156,601599.SH,影视音像
3157,601600.SH,铝
3158,601601.SH,保险
3159,601606.SH,专用机械
3160,601607.SH,医药商业
3161,601608.SH,专用机械
3162,601609.SH,铜
3163,601611.SH,建筑工程
3164,601615.SH,机械基件
3165,601616.SH,电气设备
3166,601618.SH,建筑工程
3167,601619.SH,新型电力
3168,601628.SH,保险
3169,601633.SH,汽车整车
3170,601636.SH,玻璃
3171,601658.SH,银行
3172,601666.SH,煤炭开采
3173,601668.SH,建筑工程
3174,601669.SH,建筑工程
3175,601677.SH,铝
3176,601678.SH,化工原料
3177,601688.SH,证券
3178,601689.SH,汽车配件
3179,601696.SH,证券
3180,601698.SH,电信运营
3181,601699.SH,煤炭开采
3182,601700.SH,电气设备
3183,601717.SH,汽车配件
3184,601718.SH,服饰
3185,601727.SH,电气设备
3186,601766.SH,运输设备
3187,601777.SH,摩托车
3188,601778.SH,新型电力
3189,601788.SH,证券
3190,601789.SH,建筑工程
3191,601798.SH,化工机械
3192,601799.SH,汽车配件
3193,601800.SH,建筑工程
3194,601801.SH,出版业
3195,601808.SH,石油开采
3196,601811.SH,出版业
3197,601816.SH,铁路
3198,601818.SH,银行
3199,601827.SH,环境保护
3200,601828.SH,其他商业
3201,601838.SH,银行
3202,601857.SH,石油开采
3203,601858.SH,出版业
3204,601860.SH,银行
3205,601865.SH,玻璃
3206,601866.SH,水运
3207,601869.SH,通信设备
3208,601872.SH,水运
3209,601877.SH,电气设备
3210,601878.SH,证券
3211,601880.SH,港口
3212,601881.SH,证券
3213,601882.SH,机床制造
3214,601886.SH,装修装饰
3215,601888.SH,旅游服务
3216,601890.SH,船舶
3217,601898.SH,煤炭开采
3218,601899.SH,黄金
3219,601900.SH,出版业
3220,601901.SH,证券
3221,601908.SH,新型电力
3222,601916.SH,银行
3223,601918.SH,煤炭开采
3224,601919.SH,水运
3225,601928.SH,出版业
3226,601929.SH,影视音像
3227,601933.SH,超市连锁
3228,601939.SH,银行
3229,601949.SH,出版业
3230,601952.SH,种植业
3231,601958.SH,小金属
3232,601965.SH,汽车服务
3233,601966.SH,汽车配件
3234,601968.SH,广告包装
3235,601969.SH,普钢
3236,601975.SH,水运
3237,601985.SH,新型电力
3238,601988.SH,银行
3239,601989.SH,船舶
3240,601990.SH,证券
3241,601991.SH,火力发电
3242,601992.SH,水泥
3243,601996.SH,家居用品
3244,601997.SH,银行
3245,601998.SH,银行
3246,601999.SH,出版业
3247,603000.SH,互联网
3248,603001.SH,服饰
3249,603002.SH,化工原料
3250,603003.SH,石油贸易
3251,603005.SH,半导体
3252,603006.SH,汽车配件
3253,603007.SH,建筑工程
3254,603008.SH,家居用品
3255,603009.SH,汽车配件
3256,603010.SH,化工原料
3257,603011.SH,机床制造
3258,603012.SH,专用机械
3259,603013.SH,汽车配件
3260,603015.SH,电气设备
3261,603016.SH,电气设备
3262,603017.SH,建筑工程
3263,603018.SH,建筑工程
3264,603019.SH,IT设备
3265,603020.SH,食品
3266,603021.SH,玻璃
3267,603022.SH,广告包装
3268,603023.SH,汽车配件
3269,603025.SH,IT设备
3270,603026.SH,化工原料
3271,603027.SH,食品
3272,603028.SH,钢加工
3273,603029.SH,农用机械
3274,603030.SH,装修装饰
3275,603031.SH,百货
3276,603032.SH,公路
3277,603033.SH,橡胶
3278,603035.SH,汽车配件
3279,603036.SH,专用机械
3280,603037.SH,汽车配件
3281,603038.SH,装修装饰
3282,603039.SH,软件服务
3283,603040.SH,机械基件
3284,603041.SH,化工原料
3285,603042.SH,通信设备
3286,603043.SH,食品
3287,603045.SH,电气设备
3288,603050.SH,电气设备
3289,603053.SH,供气供热
3290,603055.SH,纺织
3291,603056.SH,仓储物流
3292,603058.SH,广告包装
3293,603059.SH,家居用品
3294,603060.SH,建筑工程
3295,603063.SH,电气设备
3296,603066.SH,仓储物流
3297,603067.SH,化工原料
3298,603068.SH,半导体
3299,603069.SH,公路
3300,603076.SH,专用机械
3301,603077.SH,化工原料
3302,603078.SH,化工原料
3303,603079.SH,食品
3304,603080.SH,供气供热
3305,603081.SH,专用机械
3306,603083.SH,通信设备
3307,603085.SH,汽车配件
3308,603086.SH,农药化肥
3309,603087.SH,生物制药
3310,603088.SH,专用机械
3311,603089.SH,汽车配件
3312,603090.SH,专用机械
3313,603093.SH,多元金融
3314,603095.SH,纺织机械
3315,603096.SH,出版业
3316,603098.SH,装修装饰
3317,603099.SH,旅游景点
3318,603100.SH,电器仪表
3319,603101.SH,百货
3320,603103.SH,影视音像
3321,603105.SH,电气设备
3322,603106.SH,IT设备
3323,603108.SH,医药商业
3324,603109.SH,电气设备
3325,603110.SH,染料涂料
3326,603111.SH,运输设备
3327,603113.SH,化工原料
3328,603115.SH,元器件
3329,603116.SH,服饰
3330,603117.SH,仓储物流
3331,603118.SH,通信设备
3332,603121.SH,汽车配件
3333,603123.SH,百货
3334,603126.SH,环境保护
3335,603127.SH,医疗保健
3336,603128.SH,仓储物流
3337,603129.SH,摩托车
3338,603131.SH,专用机械
3339,603133.SH,元器件
3340,603136.SH,旅游景点
3341,603138.SH,软件服务
3342,603139.SH,中成药
3343,603156.SH,软饮料
3344,603157.SH,服饰
3345,603158.SH,汽车配件
3346,603159.SH,专用机械
3347,603160.SH,元器件
3348,603161.SH,汽车配件
3349,603165.SH,造纸
3350,603166.SH,汽车配件
3351,603167.SH,水运
3352,603168.SH,化学制药
3353,603169.SH,专用机械
3354,603177.SH,环境保护
3355,603178.SH,汽车配件
3356,603179.SH,汽车配件
3357,603180.SH,家居用品
3358,603181.SH,化工原料
3359,603183.SH,建筑工程
3360,603185.SH,机床制造
3361,603186.SH,元器件
3362,603187.SH,机械基件
3363,603188.SH,染料涂料
3364,603189.SH,软件服务
3365,603192.SH,化工原料
3366,603195.SH,电气设备
3367,603196.SH,服饰
3368,603197.SH,汽车配件
3369,603198.SH,白酒
3370,603199.SH,旅游景点
3371,603200.SH,环境保护
3372,603203.SH,专用机械
3373,603208.SH,家居用品
3374,603212.SH,塑料
3375,603214.SH,百货
3376,603217.SH,化工原料
3377,603218.SH,工程机械
3378,603220.SH,通信设备
3379,603221.SH,家居用品
3380,603222.SH,化学制药
3381,603223.SH,供气供热
3382,603225.SH,化纤
3383,603226.SH,家居用品
3384,603227.SH,化工原料
3385,603228.SH,元器件
3386,603229.SH,化学制药
3387,603232.SH,软件服务
3388,603233.SH,医药商业
3389,603236.SH,通信设备
3390,603238.SH,纺织
3391,603239.SH,汽车配件
3392,603256.SH,玻璃
3393,603258.SH,互联网
3394,603259.SH,化学制药
3395,603260.SH,化工原料
3396,603266.SH,塑料
3397,603267.SH,元器件
3398,603268.SH,陶瓷
3399,603269.SH,机械基件
3400,603277.SH,专用机械
3401,603278.SH,钢加工
3402,603279.SH,环境保护
3403,603283.SH,专用机械
3404,603286.SH,汽车配件
3405,603288.SH,食品
3406,603289.SH,专用机械
3407,603290.SH,半导体
3408,603297.SH,电器仪表
3409,603298.SH,专用机械
3410,603299.SH,化工原料
3411,603300.SH,钢加工
3412,603301.SH,医疗保健
3413,603303.SH,家用电器
3414,603305.SH,汽车配件
3415,603306.SH,汽车配件
3416,603308.SH,专用机械
3417,603309.SH,医疗保健
3418,603311.SH,专用机械
3419,603313.SH,家居用品
3420,603315.SH,机械基件
3421,603316.SH,建筑工程
3422,603317.SH,食品
3423,603318.SH,专用机械
3424,603319.SH,汽车配件
3425,603320.SH,机械基件
3426,603321.SH,运输设备
3427,603322.SH,通信设备
3428,603323.SH,银行
3429,603326.SH,家居用品
3430,603327.SH,元器件
3431,603328.SH,元器件
3432,603329.SH,仓储物流
3433,603330.SH,塑料
3434,603331.SH,专用机械
3435,603332.SH,化纤
3436,603333.SH,电气设备
3437,603335.SH,汽车配件
3438,603336.SH,农业综合
3439,603337.SH,纺织机械
3440,603338.SH,专用机械
3441,603339.SH,专用机械
3442,603345.SH,食品
3443,603348.SH,汽车配件
3444,603351.SH,化学制药
3445,603353.SH,石油贸易
3446,603355.SH,家用电器
3447,603356.SH,机械基件
3448,603357.SH,建筑工程
3449,603358.SH,汽车配件
3450,603359.SH,环境保护
3451,603360.SH,化工原料
3452,603363.SH,饲料
3453,603365.SH,纺织
3454,603366.SH,家用电器
3455,603367.SH,化学制药
3456,603368.SH,医药商业
3457,603369.SH,白酒
3458,603377.SH,汽车服务
3459,603378.SH,染料涂料
3460,603379.SH,化工原料
3461,603380.SH,元器件
3462,603383.SH,软件服务
3463,603385.SH,家居用品
3464,603386.SH,元器件
3465,603387.SH,医疗保健
3466,603388.SH,建筑工程
3467,603389.SH,家居用品
3468,603390.SH,汽车配件
3469,603392.SH,医疗保健
3470,603393.SH,供气供热
3471,603396.SH,专用机械
3472,603398.SH,文教休闲
3473,603399.SH,小金属
3474,603416.SH,电气设备
3475,603421.SH,通信设备
3476,603429.SH,广告包装
3477,603439.SH,中成药
3478,603444.SH,互联网
3479,603456.SH,化学制药
3480,603458.SH,建筑工程
3481,603466.SH,文教休闲
3482,603477.SH,纺织
3483,603486.SH,家用电器
3484,603488.SH,电气设备
3485,603489.SH,电气设备
3486,603496.SH,IT设备
3487,603499.SH,广告包装
3488,603500.SH,运输设备
3489,603501.SH,半导体
3490,603505.SH,矿物制品
3491,603506.SH,房产服务
3492,603507.SH,钢加工
3493,603508.SH,软件服务
3494,603515.SH,电气设备
3495,603516.SH,通信设备
3496,603517.SH,食品
3497,603518.SH,服饰
3498,603519.SH,家用电器
3499,603520.SH,化学制药
3500,603527.SH,铜
3501,603528.SH,软件服务
3502,603530.SH,电气设备
3503,603533.SH,互联网
3504,603535.SH,仓储物流
3505,603536.SH,食品
3506,603538.SH,化学制药
3507,603551.SH,家居用品
3508,603555.SH,服饰
3509,603556.SH,电器仪表
3510,603557.SH,服饰
3511,603558.SH,纺织
3512,603559.SH,通信设备
3513,603566.SH,生物制药
3514,603567.SH,中成药
3515,603568.SH,环境保护
3516,603569.SH,仓储物流
3517,603577.SH,钢加工
3518,603578.SH,玻璃
3519,603579.SH,医疗保健
3520,603580.SH,化工原料
3521,603583.SH,电气设备
3522,603585.SH,化工原料
3523,603586.SH,汽车配件
3524,603587.SH,服饰
3525,603588.SH,环境保护
3526,603589.SH,白酒
3527,603590.SH,化学制药
3528,603595.SH,元器件
3529,603596.SH,汽车配件
3530,603598.SH,影视音像
3531,603599.SH,农药化肥
3532,603600.SH,家居用品
3533,603601.SH,玻璃
3534,603602.SH,通信设备
3535,603603.SH,环境保护
3536,603605.SH,日用化工
3537,603606.SH,电气设备
3538,603607.SH,造纸
3539,603608.SH,服饰
3540,603609.SH,饲料
3541,603610.SH,家居用品
3542,603611.SH,运输设备
3543,603612.SH,矿物制品
3544,603613.SH,互联网
3545,603615.SH,家居用品
3546,603616.SH,其他建材
3547,603617.SH,专用机械
3548,603618.SH,电气设备
3549,603619.SH,石油开采
3550,603626.SH,专用机械
3551,603628.SH,电气设备
3552,603629.SH,元器件
3553,603630.SH,日用化工
3554,603633.SH,元器件
3555,603636.SH,软件服务
3556,603637.SH,建筑工程
3557,603638.SH,专用机械
3558,603639.SH,农药化肥
3559,603648.SH,仓储物流
3560,603650.SH,化工原料
3561,603655.SH,汽车配件
3562,603656.SH,专用机械
3563,603657.SH,塑料
3564,603658.SH,医疗保健
3565,603659.SH,化工原料
3566,603660.SH,通信设备
3567,603661.SH,家居用品
3568,603662.SH,电器仪表
3569,603663.SH,矿物制品
3570,603665.SH,纺织
3571,603666.SH,专用机械
3572,603667.SH,机械基件
3573,603668.SH,饲料
3574,603669.SH,化学制药
3575,603676.SH,化学制药
3576,603677.SH,机械基件
3577,603678.SH,元器件
3578,603679.SH,电气设备
3579,603680.SH,运输设备
3580,603681.SH,化工原料
3581,603682.SH,房产服务
3582,603683.SH,化工原料
3583,603685.SH,电气设备
3584,603686.SH,环境保护
3585,603687.SH,广告包装
3586,603688.SH,矿物制品
3587,603689.SH,供气供热
3588,603690.SH,专用机械
3589,603693.SH,新型电力
3590,603696.SH,食品
3591,603697.SH,食品
3592,603698.SH,专用机械
3593,603699.SH,专用机械
3594,603700.SH,电器仪表
3595,603701.SH,汽车配件
3596,603703.SH,通信设备
3597,603706.SH,供气供热
3598,603707.SH,化学制药
3599,603708.SH,超市连锁
3600,603709.SH,家居用品
3601,603711.SH,软饮料
3602,603712.SH,通信设备
3603,603713.SH,仓储物流
3604,603716.SH,医药商业
3605,603717.SH,环境保护
3606,603718.SH,生物制药
3607,603719.SH,食品
3608,603721.SH,影视音像
3609,603722.SH,化工原料
3610,603725.SH,塑料
3611,603726.SH,机械基件
3612,603727.SH,石油开采
3613,603728.SH,电气设备
3614,603729.SH,广告包装
3615,603730.SH,汽车配件
3616,603733.SH,造纸
3617,603737.SH,染料涂料
3618,603738.SH,元器件
3619,603739.SH,农业综合
3620,603755.SH,食品
3621,603757.SH,专用机械
3622,603758.SH,汽车配件
3623,603766.SH,摩托车
3624,603767.SH,汽车配件
3625,603768.SH,汽车配件
3626,603773.SH,元器件
3627,603776.SH,公共交通
3628,603777.SH,食品
3629,603778.SH,建筑工程
3630,603779.SH,红黄酒
3631,603786.SH,汽车配件
3632,603787.SH,摩托车
3633,603788.SH,汽车配件
3634,603789.SH,农用机械
3635,603790.SH,染料涂料
3636,603797.SH,环境保护
3637,603798.SH,石油加工
3638,603799.SH,小金属
3639,603800.SH,专用机械
3640,603801.SH,家居用品
3641,603803.SH,通信设备
3642,603806.SH,塑料
3643,603808.SH,服饰
3644,603809.SH,汽车配件
3645,603810.SH,农药化肥
3646,603811.SH,化学制药
3647,603813.SH,仓储物流
3648,603815.SH,建筑工程
3649,603816.SH,家居用品
3650,603817.SH,环境保护
3651,603818.SH,家居用品
3652,603819.SH,电气设备
3653,603822.SH,环境保护
3654,603823.SH,染料涂料
3655,603825.SH,互联网
3656,603826.SH,染料涂料
3657,603828.SH,装修装饰
3658,603829.SH,电气设备
3659,603833.SH,家居用品
3660,603838.SH,陶瓷
3661,603839.SH,服饰
3662,603843.SH,建筑工程
3663,603848.SH,家居用品
3664,603855.SH,专用机械
3665,603856.SH,塑料
3666,603858.SH,中成药
3667,603859.SH,软件服务
3668,603860.SH,公路
3669,603861.SH,电气设备
3670,603863.SH,造纸
3671,603866.SH,食品
3672,603867.SH,化工原料
3673,603868.SH,家用电器
3674,603869.SH,软件服务
3675,603871.SH,仓储物流
3676,603876.SH,铝
3677,603877.SH,服饰
3678,603878.SH,钢加工
3679,603879.SH,化工原料
3680,603880.SH,医疗保健
3681,603881.SH,电信运营
3682,603882.SH,医疗保健
3683,603883.SH,医药商业
3684,603885.SH,空运
3685,603886.SH,食品
3686,603887.SH,建筑工程
3687,603888.SH,互联网
3688,603889.SH,纺织
3689,603890.SH,机械基件
3690,603893.SH,半导体
3691,603895.SH,专用机械
3692,603896.SH,中成药
3693,603897.SH,电气设备
3694,603898.SH,家居用品
3695,603899.SH,文教休闲
3696,603900.SH,服饰
3697,603901.SH,专用机械
3698,603903.SH,环境保护
3699,603906.SH,化工原料
3700,603908.SH,纺织
3701,603909.SH,建筑工程
3702,603912.SH,专用机械
3703,603915.SH,机械基件
3704,603916.SH,化工原料
3705,603917.SH,汽车配件
3706,603918.SH,软件服务
3707,603919.SH,白酒
3708,603920.SH,元器件
3709,603922.SH,汽车配件
3710,603926.SH,汽车配件
3711,603927.SH,软件服务
3712,603928.SH,化工原料
3713,603929.SH,装修装饰
3714,603933.SH,纺织机械
3715,603936.SH,元器件
3716,603937.SH,铝
3717,603938.SH,化工原料
3718,603939.SH,医药商业
3719,603948.SH,化工原料
3720,603949.SH,汽车配件
3721,603950.SH,汽车配件
3722,603955.SH,环境保护
3723,603956.SH,专用机械
3724,603958.SH,服饰
3725,603959.SH,建筑工程
3726,603960.SH,专用机械
3727,603963.SH,化学制药
3728,603966.SH,机械基件
3729,603967.SH,仓储物流
3730,603968.SH,化工原料
3731,603969.SH,其他建材
3732,603970.SH,其他商业
3733,603976.SH,医疗保健
3734,603977.SH,化工原料
3735,603978.SH,铝
3736,603979.SH,建筑工程
3737,603980.SH,染料涂料
3738,603982.SH,汽车配件
3739,603983.SH,日用化工
3740,603985.SH,机械基件
3741,603986.SH,半导体
3742,603987.SH,医疗保健
3743,603988.SH,电气设备
3744,603989.SH,元器件
3745,603990.SH,软件服务
3746,603991.SH,塑料
3747,603992.SH,家居用品
3748,603993.SH,小金属
3749,603995.SH,特种钢
3750,603996.SH,家用电器
3751,603997.SH,汽车配件
3752,603998.SH,中成药
3753,603999.SH,出版业
3754,605001.SH,运输设备
3755,605108.SH,酒店餐饮
3756,605166.SH,化工原料
3757,605168.SH,互联网
3758,605199.SH,中成药
3759,605288.SH,电气设备
3760,688001.SH,专用机械
3761,688002.SH,通信设备
3762,688003.SH,专用机械
3763,688004.SH,软件服务
3764,688005.SH,电气设备
3765,688006.SH,电气设备
3766,688007.SH,元器件
3767,688008.SH,半导体
3768,688009.SH,运输设备
3769,688010.SH,电器仪表
3770,688011.SH,元器件
3771,688012.SH,专用机械
3772,688015.SH,运输设备
3773,688016.SH,医疗保健
3774,688018.SH,半导体
3775,688019.SH,半导体
3776,688020.SH,元器件
3777,688021.SH,环境保护
3778,688022.SH,专用机械
3779,688023.SH,软件服务
3780,688025.SH,元器件
3781,688026.SH,塑料
3782,688027.SH,通信设备
3783,688028.SH,专用机械
3784,688029.SH,医疗保健
3785,688030.SH,软件服务
3786,688033.SH,运输设备
3787,688036.SH,通信设备
3788,688037.SH,半导体
3789,688039.SH,软件服务
3790,688051.SH,软件服务
3791,688058.SH,软件服务
3792,688060.SH,软件服务
3793,688066.SH,软件服务
3794,688068.SH,医疗保健
3795,688078.SH,软件服务
3796,688080.SH,通信设备
3797,688081.SH,软件服务
3798,688085.SH,医疗保健
3799,688086.SH,IT设备
3800,688088.SH,软件服务
3801,688089.SH,食品
3802,688090.SH,专用机械
3803,688096.SH,环境保护
3804,688098.SH,生物制药
3805,688099.SH,半导体
3806,688100.SH,通信设备
3807,688101.SH,环境保护
3808,688106.SH,化工原料
3809,688108.SH,医疗保健
3810,688111.SH,软件服务
3811,688116.SH,化工原料
3812,688118.SH,软件服务
3813,688122.SH,小金属
3814,688123.SH,半导体
3815,688126.SH,半导体
3816,688128.SH,专用机械
3817,688138.SH,元器件
3818,688139.SH,医疗保健
3819,688157.SH,染料涂料
3820,688158.SH,互联网
3821,688159.SH,通信设备
3822,688165.SH,专用机械
3823,688166.SH,化学制药
3824,688168.SH,软件服务
3825,688169.SH,家用电器
3826,688177.SH,生物制药
3827,688178.SH,环境保护
3828,688180.SH,生物制药
3829,688181.SH,半导体
3830,688186.SH,特种钢
3831,688188.SH,软件服务
3832,688189.SH,化学制药
3833,688196.SH,环境保护
3834,688198.SH,医疗保健
3835,688199.SH,化工原料
3836,688200.SH,专用机械
3837,688202.SH,医疗保健
3838,688208.SH,汽车配件
3839,688218.SH,专用机械
3840,688222.SH,化学制药
3841,688228.SH,互联网
3842,688233.SH,化工原料
3843,688256.SH,元器件
3844,688258.SH,软件服务
3845,688266.SH,化学制药
3846,688268.SH,化工原料
3847,688277.SH,医疗保健
3848,688278.SH,生物制药
3849,688288.SH,汽车配件
3850,688298.SH,医疗保健
3851,688299.SH,塑料
3852,688300.SH,矿物制品
3853,688309.SH,环境保护
3854,688310.SH,医疗保健
3855,688312.SH,专用机械
3856,688318.SH,软件服务
3857,688321.SH,化学制药
3858,688333.SH,机械基件
3859,688357.SH,化工原料
3860,688358.SH,医疗保健
3861,688360.SH,机械基件
3862,688363.SH,生物制药
3863,688365.SH,软件服务
3864,688366.SH,生物制药
3865,688368.SH,半导体
3866,688369.SH,软件服务
3867,688377.SH,专用机械
3868,688388.SH,元器件
3869,688389.SH,医疗保健
3870,688396.SH,元器件
3871,688398.SH,矿物制品
3872,688399.SH,医疗保健
3873,688466.SH,环境保护
3874,688488.SH,生物制药
3875,688500.SH,互联网
3876,688505.SH,化学制药
3877,688516.SH,专用机械
3878,688518.SH,专用机械
3879,688520.SH,生物制药
3880,688528.SH,电器仪表
3881,688555.SH,软件服务
3882,688558.SH,机床制造
3883,688566.SH,化学制药
3884,688567.SH,电气设备
3885,688568.SH,软件服务
3886,688579.SH,软件服务
3887,688580.SH,医疗保健
3888,688588.SH,软件服务
3889,688598.SH,矿物制品
3890,688599.SH,电气设备
3891,688600.SH,电器仪表
3892,688981.SH,半导体
